Team,Season,Mean_Salary,Median.Salary,Max,Min,Standard_deviation,Total,salaries
ATL,09_10,4705974.428571428,3403820,14976754,307564,4530236.868584768,65883642,
BOS,09_10,6132740.857142857,3206896.5,19795712,457588,6779941.9560827175,85858372,
CHA,09_10,5710824.714285715,5766498,13655268,457588,4220409.221932274,79951546,
CHI,09_10,3903125.6428571427,2335920,12250000,43319,3908688.990941604,54643759,
CLE,09_10,6069818.428571428,3419250,20000000,457588,6206410.7903655395,84977458,
DAL,09_10,7727097.916666667,7204061.5,19795714,1075440,4931390.166475067,92725175,
DEN,09_10,5117961.5,1775553.5,15779912,884881,5826855.827279136,61415538,
DET,09_10,4224702.357142857,2533227.5,11625000,457588,3903356.321255113,59145833,
GSW,09_10,3916548.1333333333,2710560,11000000,355215,3475296.709727548,58748222,
HOU,09_10,3149152.5,2391640,10180170,48559,2848463.8647058173,50386440,
IND,09_10,4453327.461538462,1934160,11047619,457588,4123493.176674109,57893257,
LAC,09_10,3362058.0625,2492000,12150000,26917,3451720.000447071,53792929,
LAL,09_10,7534912.75,5152614.5,23034375,959111,6589625.5033447025,90418953,
MEM,09_10,3516243.785714286,2978580.5,16000000,392987,3969431.521932235,49227413,
MIA,09_10,5239766.733333333,2750000,23016000,343542,6463918.927677449,78596501,
MIL,09_10,4219501.375,3084299,17040000,303232,4339169.516388912,67512022,
MIN,09_10,3779805.714285714,3134640,12000000,736420,3086751.2322545014,52917280,
NJN,09_10,3510043.2,2225880,10560000,736000,2834956.936294629,52650648,
NOH,09_10,4694901,3263020,13520500,457888,4428092.833649124,56338812,
NYK,09_10,5702599.666666667,2975520,23239562,736420,6544167.210716194,68431196,
OKC,09_10,2753857.4375,2039274,7350000,139968,2324785.924028274,44061719,
ORL,09_10,6741205.083333333,4650000,18876000,1306455,6342932.333276886,80894461,
PHI,09_10,4620948.769230769,1700000,14858471,650000,5047688.570427379,60072334,
PHX,09_10,4213924,1836000,13333333,457588,4734217.276597114,46353164,
POR,09_10,3506299.9285714286,3026948,7650000,457588,2604166.952294887,49088199,
SAC,09_10,2828778.125,1601460,8775000,76850,2738261.1077313735,45260450,
SAS,09_10,5864511.769230769,1081680,22183220,180344,7027433.3931007385,76238653,
TOR,09_10,4371870.769230769,3666666,15779912,330199,4133828.334686709,56834320,
UTA,09_10,5992103.666666667,4427557.5,16452000,269169,5712892.950517458,71905244,
WAS,09_10,3685791,1714800,16192080,53834,4583593.245883886,62658447,
ATL,10_11,5104988.785714285,2864045,16324500,473604,5076595.256950033,71469843,
BOS,10_11,6083230.466666667,4455988,18800000,915852,5509194.024905417,91248457,
CHA,10_11,3698719.1333333333,3000000,9000000,170373,3120158.994477957,55480787,
CHI,10_11,4469151,2764268,14400000,1117680,4272018.218099029,53629812,
CLE,10_11,3329745.375,1274940,13358905,321652,4276948.417050548,53275926,
DAL,10_11,6626339.461538462,6900000,17278618,762196,5184364.027069258,86142413,
DEN,10_11,4358406.923076923,3304560,16545454,473604,4286388.2927562585,56659290,
DET,10_11,4944770.923076923,3000000,12500000,762195,4068609.825338287,64282022,
GSW,10_11,4374016.923076923,3065040,11000000,342666,3838495.46104029,56862220,
HOU,10_11,4673703.857142857,2442000,17686100,780871,4747153.538222359,65431854,
IND,10_11,3649187.8571428573,2033824.5,10973202,750000,3609113.7284276243,51088630,
LAC,10_11,3144752.153846154,2563320,11800000,500000,3003758.127378569,40881778,
LAL,10_11,6101187.333333333,3700000,24806250,89670,7265230.549967561,91517810,
MEM,10_11,4294902.285714285,1948672.5,17666666,651872,5209552.467725071,60128632,
MIA,10_11,4350015.5,1352181,14500000,222712,5221137.513708904,69600248,
MIL,10_11,4591665,2320500,18300000,270436,5094862.989018056,68874975,
MIN,10_11,2978064.6428571427,3415140,4962240,83305,1512154.3750181068,41692905,
NJN,10_11,3918081.2666666666,3250000,14940152,327296,3747921.4760681395,58771219,
NOH,10_11,4781210.538461538,3000000,14940153,364461,4395380.306057668,62155737,
NYK,10_11,3828651.846153846,1071000,17149243,473604,5394000.7343207365,49772474,
OKC,10_11,4384520.571428572,4108860,13250000,1200000,3203574.8311313507,61383288,
ORL,10_11,7106761.181818182,4000000,17730694,1229255,6312415.946434626,78174373,
PHI,10_11,4916557.384615385,2974320,15959099,762195,4613952.168759077,63915246,
PHX,10_11,4695142.285714285,3787000,17300000,242374,4608821.244758417,65731992,
POR,10_11,4524328.266666667,1264687,13520500,164368,4968141.597883666,67864924,
SAC,10_11,2853231,1116840,13428129,473604,3475288.452229521,42798465,
SAS,10_11,4356462.75,1259280,18700000,71951,5710973.458538133,69703404,
TOR,10_11,3515582,2453880,9000000,58393,2773576.056725189,59764894,
UTA,10_11,5418235.428571428,3350000,17823000,473604,5294711.611527963,75855296,
WAS,10_11,3293506.7333333334,1601040,19573711,55718,4844690.991942159,49402601,
ATL,11_12,4903178.333333333,1352181,18038573,473604,5481820.1417513,73547675,
BOS,11_12,5454113.5625,2741666.5,21247044,473604,5986595.036458348,87265817,
CHA,11_12,3698112.8333333335,2625000,10262069,473604,2938164.0531776063,44377354,
CHI,11_12,6477716.25,4855000,17500000,277566,5914540.9057078995,77732595,
CLE,11_12,3263597.933333333,1341960,15076715,122942,4037834.8702132693,48953969,
DAL,11_12,6700445.785714285,4488340.5,21300000,827197,6943619.985610079,93806241,
DEN,11_12,3409013.6428571427,2760700,7807728,473604,2346913.4856304554,47726191,
DET,11_12,4173114.6428571427,3128960,11600000,374289,3297120.0035897205,58423605,
GSW,11_12,3806367.7333333334,2956658,11610000,185588,3776354.001036723,57095516,
HOU,11_12,4053884.153846154,2108000,11519840,42009,4241188.223459648,52700494,
IND,11_12,3781191,2406240,12015904,810000,3648475.4957697056,49155483,
LAC,11_12,5227414.642857143,3847928.5,16359805,473604,5144036.967179655,73183805,
LAL,11_12,5803432.4,2855760,25244493,473604,7610646.365507172,87051486,
MEM,11_12,5806411.285714285,2360627.5,19269307,65446,6752550.140719492,81289758,
MIA,11_12,5215279.666666667,3600000,16022500,473604,5729293.648042646,78229195,
MIL,11_12,4076928,3397480,12000000,245884,3460660.1135942065,65230848,
MIN,11_12,3753167.0714285714,4254840,6262347,500000,1610302.7278503813,52544339,
NJN,11_12,3410345.1428571427,1243080,16359805,61433,4300178.955352874,71617248,
NOH,11_12,3689280.277777778,2335820,14030000,168035,4214140.372022435,66407045,
NYK,11_12,4038369.2666666666,1229255,18518574,473604,6104515.110393494,60575539,
OKC,11_12,3650106.8125,3286498.5,15506632,475000,3622594.0827716854,58401709,
ORL,11_12,4081990.1428571427,2345600.5,18091770,414443,4777200.528525062,57147862,
PHI,11_12,4460297.714285715,1693420,17059727,305792,5175014.995636503,62444168,
PHX,11_12,4383806.076923077,4000000,11689062,1069509,2969600.7090977305,56989479,
POR,11_12,3716707.8571428573,2254951,12372000,992680,3262720.037630468,52033910,
SAC,11_12,3783195.6428571427,3314502,8500000,473604,2580593.4408081593,52964739,
SAS,11_12,5258850.2,1731960,21164619,64028,6310526.893470207,78882753,
TOR,11_12,3168298.8,2063040,9780992,61433,2930597.873780297,47524482,
UTA,11_12,4176242.714285714,2886480,14000000,762195,3795311.960092759,58467398,
WAS,11_12,4061317.272727273,1485000,21136631,473604,5983094.43127297,44674490,
ATL,12_13,4006832.1333333333,2433076,13200000,473604,4126737.257727757,60102482,
BKN,12_13,6029963.3125,2356309,19752645,50258,6611834.176510113,96479413,
BOS,12_13,4713454.647058823,1630800,16790345,263980,4944583.769128815,80128729,
CHA,12_13,4127242.529411765,3135000,12400000,550000,3256006.078718261,70163123,
CHI,12_13,4822696.071428572,2056405.5,15000000,179340,5212898.388887237,67517745,
CLE,12_13,3208718.0625,2888653,8400000,169339,2275678.117757004,51339489,
DAL,12_13,3656059.95,1074500,20907128,27859,5980834.279762618,73121199,
DEN,12_13,4229616.933333334,2794621,14718250,473604,4140063.0055227326,63444254,
DET,12_13,4754422.846153846,3500000,11046591,473604,3732358.603037,61807497,
GSW,12_13,5013368.785714285,3979371,13150000,225657,4483988.112759481,70187163,
HOU,12_13,2848862.5714285714,2242500,6100000,142081,2274691.93061724,39884076,
IND,12_13,4245343.2,2574120,13668750,473604,4632832.592824012,63680148,
LAC,12_13,4557374.133333334,1957000,17779457,177024,4963751.20154271,68360612,
LAL,12_13,6258249.25,2450000,27849000,44835,8414887.03366673,100131988,
MEM,12_13,4100650.0625,2582742,16500000,508586,4786869.140611491,65610401,
MIA,12_13,6559203.8,4000000,17545000,314806,6628790.42394575,98388057,
MIL,12_13,4387502.928571428,3637440,11000000,1229255,2933644.406863493,61425041,
MIN,12_13,4456612.529411765,2575000,21459805,452323,5628208.689369038,75762413,
NOH,12_13,3063511.466666667,2238360,13668750,25073,3781480.511404719,45952672,
NYK,12_13,3607085.0588235296,1680360,19450000,62912,5174514.245527502,61320446,
OKC,12_13,4928692.857142857,2136630.5,17548838,762195,5688264.809583429,69001700,
ORL,12_13,3703834.25,1646640,8600000,473604,3337420.0526692667,44446011,
PHI,12_13,3336906.533333333,3000000,8039130,76220,2477202.9643624816,50053598,
PHX,12_13,3432777.6153846155,3500000,7500000,473604,2409154.776747077,44626109,
POR,12_13,3829214.5,2232620,13000000,550000,3957067.3886863147,53609003,
SAC,12_13,4001566.785714286,3346403,8080000,762195,2454561.8038208643,56021935,
SAS,12_13,4893793.857142857,3565000,14107492,239588,4674659.5492966585,68513114,
TOR,12_13,4708881.384615385,3374640,16460532,665000,4394608.745802777,61215458,
UTA,12_13,4120880.3846153845,2500000,15000000,473604,4035936.4658235875,53571445,
WAS,12_13,3450128.153846154,1797600,13543250,572943,3658598.746916977,44851666,
ATL,13_14,3547501.6428571427,1379400,12000000,107776,3900113.6775709223,49665023,
BKN,13_14,7225618,4227025,21466718,121103,7093001.341810992,115609888,
BOS,13_14,4436630.0625,2823216,12000000,28834,4191364.334464845,70986081,
CHA,13_14,4633842.076923077,3250000,13500000,535288,4165137.457177143,60239947,
CHI,13_14,4951965.214285715,2111219.5,17632688,455580,5785714.870978124,69327513,
CLE,13_14,3707814.0555555555,2737500,14312125,28834,3770295.690417904,66740653,
DAL,13_14,4529243.866666666,2500000,22721381,490180,5813038.83163731,67938658,
DEN,13_14,3973938.5714285714,3115841.5,10786517,788872,3301875.936554918,55635140,
DET,13_14,3901016.625,2576540,14000000,28834,3885798.739393226,62416266,
GSW,13_14,5098878.642857143,3084535.5,14200000,296138,5202393.283636729,71384301,
HOU,13_14,3658242.6,1234320,20513178,158587,5811294.94011058,54873639,
IND,13_14,5026967.285714285,3641001.5,14283844,884293,4140577.83442784,70377542,
LAC,13_14,5536275.05882353,3250000,18668431,69791,6011184.716647849,94116676,
LAL,13_14,4217978.555555556,1011520.5,30453000,100000,8037333.102699231,75923614,
MEM,13_14,4915632.125,3076930,17800000,490180,5189010.291689066,78650114,
MIA,13_14,5730528.1875,3249525,19067500,88429,6824288.432703581,91688451,
MIL,13_14,2227564.125,1354329.5,7900000,28834,2339428.0931242113,35641026,
MIN,13_14,4200863.866666666,3066667,14693906,104034,4187051.2800759724,63012958,
NOP,13_14,3927311.210526316,2339040,14283844,74469,4474517.51015956,74618913,
NYK,13_14,5493555,2988800,21490000,184538,6339700.840658262,76909770,
OKC,13_14,4649268.705882353,2090880,18773176,46404,5758353.2745675845,79037568,
ORL,13_14,2530043.076923077,1482000,8600000,256623,2726982.956324946,32890560,
PHI,13_14,1293505.2666666666,788872,8600000,46404,2123417.407929675,19402579,
PHX,13_14,2668975.272727273,2207040,7500000,306036,2412849.263298066,29358728,
POR,13_14,4186310.714285714,3000000,14100000,788872,3943581.453796369,58608350,
SAC,13_14,3840131.4285714286,2194824,17888932,524616,4543882.138078724,53761840,
SAS,13_14,4413597.214285715,3256250,12500000,107776,4011980.602073824,61790361,
TOR,13_14,4145224.2,3526440,9500000,700000,2567771.5448977263,62178363,
UTA,13_14,3687466.6,2438760,11046000,139951,3364164.9229238536,55311999,
WAS,13_14,5063270.166666667,5075000,8548107,916099,2660779.7695937944,60759242,
ATL,14_15,4047367.0714285714,2466666.5,12000000,816482,3517556.852179156,56663139,
BKN,14_15,5688365.5,2405920,23180790,125104,7399929.663097526,91013848,
BOS,14_15,3779074.0714285714,2676880,10105855,816482,2948092.6640710356,52907037,
CHA,14_15,4199273.333333333,3452183,13500000,816482,3528123.811072408,62989100,
CHI,14_15,4815334.428571428,2503980,18862876,507336,5319185.074842772,67414682,
CLE,14_15,6262595.647058823,5421233,20644400,214871,5775073.343327132,106464126,
DAL,14_15,5320681.214285715,2663693,14700000,507336,5417084.135906344,74489537,
DEN,14_15,4100009.1764705884,2373537,11595506,507336,3811023.086758581,69700156,
DET,14_15,3538862.9285714286,2886240,8000000,398393,2492557.3534790594,49544081,
GSW,14_15,4833795.066666666,3049920,15012000,259634,5171063.565569514,72506926,
HOU,14_15,5058439.117647059,1618680,21436271,507336,6260350.245253155,85993465,
IND,14_15,5183458.928571428,3565000,15800000,507336,5361275.560199392,72568425,
LAC,14_15,5760973.533333333,3396250,20068563,111548,6197426.855595161,86414603,
LAL,14_15,4521972.222222222,1072692,23500000,48028,6917070.024422161,81395500,
MEM,14_15,4926460.411764706,3000000,16500000,173008,5294186.40869682,83749827,
MIA,14_15,4711005.3125,2244250,20644400,215811,5955599.108855114,75376085,
MIL,14_15,3107229.6875,1930260,11000000,818049,2922081.5006027175,49715675,
MIN,14_15,3576044.052631579,1971960,12100000,29843,3624240.0177090075,67944837,
NOP,14_15,4887578.625,1575094,14898938,268973,5377807.001840469,78201258,
NYK,14_15,4044869.5714285714,1293582,22458401,295455,6208009.267052755,56628174,
OKC,14_15,5448522.857142857,2721001.5,19997513,1090000,6057629.151636507,76279320,
ORL,14_15,2836157.9285714286,2454636,8579088,816482,2129988.019676509,39706211,
PHI,14_15,1506077.894736842,816482,6601125,37686,1804287.9263756624,28615480,
PHX,14_15,3335282.785714286,2626930,13000000,48028,3624838.291116896,46693959,
POR,14_15,4460408,3122500,15200000,107435,4113209.9893076047,71366528,
SAC,14_15,4310082.176470588,2745840,19317326,29843,5242398.0946715865,73271397,
SAS,14_15,4725498.714285715,2963559,12500000,487905,3914200.717942994,66156982,
TOR,14_15,4786488.133333334,3678360,12000000,106567,3455556.144836413,71797322,
UTA,14_15,3443094.5,1542680,14746000,152199,4650970.661229658,48203323,
WAS,14_15,5002132.692307692,4250000,13701250,981084,3741068.9483447415,65027725,
ATL,15_16,5919486.666666667,4220000,18671659,525093,5236703.2074779,71033840,
BKN,15_16,3119852.2352941176,1335480,19689000,99418,5092775.45973137,53037488,
BOS,15_16,3886856.1333333333,2616975,12000000,61774,3222632.608409242,58302842,
CHA,15_16,4807358.25,3619278,13500000,57726,4398012.272856447,76917732,
CHI,15_16,5804922.533333333,2380440,20093064,525093,6249123.087586265,87073838,
CLE,15_16,7209169.866666666,4950000,22970500,172971,7631984.322681365,108137548,
DAL,15_16,7188957.357142857,4870000,17120776,525093,6257053.677550305,100645403,
DEN,15_16,3465927.6,1842000,14000000,61775,3985234.877970858,51988914,
DET,15_16,4443514.357142857,2866860,16000000,222888,4837403.23375589,62209201,
GSW,15_16,6462554.4,3873398,15501000,845059,5384486.97944782,96938316,
HOU,15_16,5671425.642857143,2839661.5,22359364,200600,6471398.128689831,79399959,
IND,15_16,5512693,4000000,16900000,845059,4867438.853900637,77177702,
LAC,15_16,6280561,3110796,21468695,70549,7593265.978909772,94208415,
LAL,15_16,4916435.307692308,1724250,25000000,525093,7255536.003126674,63913659,
MEM,15_16,3959001.4285714286,2080465,19689000,92662,4792671.278427716,83139030,
MIA,15_16,7742374.428571428,3577470,22309344,61774,8503130.842575978,108393242,
MIL,15_16,4601705,2671130,16407500,855000,4903469.3229949875,64423870,
MIN,15_16,4318479.857142857,2102640,12700000,197111,4115515.956527385,60458718,
NOP,15_16,4490329.222222222,2910784,15514031,26456,4697627.465129074,80825926,
NYK,15_16,4977109.666666667,2814000,22875000,30887,5993179.651919537,74656645,
OKC,15_16,6380559.133333334,3344000,21971850,352749,6906336.399007972,95708387,
ORL,15_16,3944517.4285714286,3123600,11250000,61775,3259312.2589743165,55223244,
PHI,15_16,2154146.5,1037500,6750000,339762,1936317.7222657115,25849758,
PHX,15_16,4613421.428571428,2434920,13500000,114284,5006442.051952091,64587900,
POR,15_16,3093726.6,2637720,8042895,525093,2458456.609305632,46405899,
SAC,15_16,4707370.666666667,3156600,14728844,525093,4515668.3268051995,70610560,
SAS,15_16,5474017.764705882,1499187,19689000,525093,6062642.401316654,93058302,
TOR,15_16,5104527.4375,4075596.5,13600000,650000,3853021.309613275,81672439,
UTA,15_16,3881656.4,2239800,15409570,30887,4611851.202296811,58224846,
WAS,15_16,4712165.071428572,3650000,14728844,349032,4124467.850474484,65970311,
ATL,16_17,6871604.466666667,4000000,23500000,72193,7379964.000297581,103074067,
BKN,16_17,4401157.777777778,2732752.5,21165675,726672,5130281.166295797,79220840,
BOS,16_17,6127672.4,4743000,26540100,1223653,6452467.680029476,91915086,
CHA,16_17,6343622.0625,5659156.5,20869566,138937,6175496.658693307,101497953,
CHI,16_17,5853315.375,2102340,23200000,750000,7052477.256848346,93653046,
CLE,16_17,9120898.055555556,6523204,30963450,24022,8461841.354217667,164176165,
DAL,16_17,4976621.333333333,772991,25000000,119493,7976225.620663389,89579184,
DEN,16_17,4927131.8125,3370900,15050000,150000,4352916.262961575,78834109,
DET,16_17,6962019.923076923,3678319,22116750,650000,7105280.964742744,90506259,
GSW,16_17,7229222.8125,4340225,26540100,543471,7584606.411386291,115667565,
HOU,16_17,6039008.153846154,1296240,26540100,305000,8362893.257045592,78507106,
IND,16_17,5950715.666666667,4583450,18100000,650000,5048273.517345957,89260735,
LAC,16_17,7650451.066666666,3527920,22868827,543471,8050008.615545988,114756766,
LAL,16_17,5771572.2,5281680,18000000,73528,5601964.138159339,86573583,
MEM,16_17,7385012.642857143,3798498.5,26540100,115087,9074836.55145849,103390177,
MIA,16_17,5528211.769230769,4000000,22116750,310995,6424573.0662264135,71866753,
MIL,16_17,5458168.235294118,2568600,17145838,578636,5406784.348634195,92788860,
MIN,16_17,4452190.285714285,3650000,13400000,1339680,3105745.993965439,62330664,
NOP,16_17,5564542.705882353,2090000,22116750,95904,6553594.298063456,94597226,
NYK,16_17,6494865.266666667,2898000,24559380,541170,8138510.100367402,97422979,
OKC,16_17,5801433.6,3140517,26540100,288131,7168682.095130584,87021504,
ORL,16_17,6117780.533333333,3909840,17000000,88936,6361697.386812432,91766708,
PHI,16_17,4014039.6153846155,2993040,9424084,73743,3410924.888600147,52182515,
PHX,16_17,5294951.571428572,3625613.5,14000000,277898,4888532.937532466,74129322,
POR,16_17,7234113.076923077,3219579,24328425,543471,7830210.800115787,94043470,
SAC,16_17,5488729.25,4604441,13333333,82976,4118136.0541758453,87819668,
SAS,16_17,6787345.933333334,1551659,20575005,204601,7577155.990152595,101810189,
TOR,16_17,7251431.333333333,5628000,26540100,543471,7360452.990454844,108771470,
UTA,16_17,5324212.8,2433334,16073140,600000,4835247.772041916,79863192,
WAS,16_17,6948914.714285715,4286510,22116750,543471,6842109.995530511,97284806,
ATL,17_18,3226244.75,1064113,16910112,77250,4929084.449583154,51619916,
BKN,17_18,5195400.294117647,1713720,18500000,77250,5982329.651170236,88321805,
BOS,17_18,7027387,2118000,29727900,74158,9964371.147847585,126492966,
CHA,17_18,7336416.5,2876040,23500000,77250,7826455.253328946,117382664,
CHI,17_18,3738078.6315789474,3202217,13788500,77250,3591321.2626779266,71023494,
CLE,17_18,8594879.75,2514860.5,33285709,77250,10023666.270861398,137518076,
DAL,17_18,3954280.5263157897,1312611,23112004,46079,6388624.403718268,75131330,
DEN,17_18,6451919.3125,3444326.5,30769231,77250,7880019.039935675,103230709,
DET,17_18,6679123.529411765,2759280,29512900,77250,8653797.498535521,113545100,
GSW,17_18,8048047.117647059,2328652,34682550,77250,10160779.913827641,136816801,
HOU,17_18,6748894.111111111,2225741.5,28299399,46079,8887552.027679732,121480094,
IND,17_18,5591270.235294118,2550000,21000000,46079,5952926.132420924,95051594,
LAC,17_18,7210912.266666667,5881260,22642350,77250,7421726.892503499,108163684,
LAL,17_18,4776418.1,1409040,22642350,46079,6721016.555390075,95528362,
MEM,17_18,5132506.35,1312611,28530608,77250,8765588.637923544,102650127,
MIA,17_18,8156041.533333333,5821260,23775506,1312611,7355356.395748416,122340623,
MIL,17_18,6201514.055555556,2707718,22471911,77250,6516509.559198088,111627253,
MIN,17_18,7725357.866666666,6216840,19000000,77250,6700049.929512987,115880368,
NOP,17_18,6859828.333333333,1904769,25686667,77250,8290590.480030017,123476910,
NYK,17_18,5012290.823529412,3381480,17884176,77250,5558624.942659349,85208944,
OKC,17_18,8724643.8125,4929250,28299399,77250,9665374.230121722,139594301,
ORL,17_18,5858707.5625,4757486,17000000,77250,5587592.437771256,93739321,
PHI,17_18,5887078.352941177,6100266,23000000,77250,6377075.699829291,100080332,
PHX,17_18,3657647.25,3203070,13000000,77250,3611159.7218103125,58522356,
POR,17_18,8148108.615384615,3057240,26153057,1312611,8738916.016035777,105925412,
SAC,17_18,4998310.133333334,3704160,12307692,77250,4084590.2933768886,74974652,
SAS,17_18,6417332.375,1838004.5,21461010,77250,7501856.057736022,102677318,
TOR,17_18,7233575.9375,1645200,28903704,77250,10009548.554004258,115737215,
UTA,17_18,5716269.444444444,3600000,21224719,77250,6161590.270960872,102892850,
WAS,17_18,7567815.230769231,3290000,23775506,77250,7613452.121244772,98381598,
ATL,18_19,3741896,2299080,18089888,47370,4787369.155596866,63612232,
BKN,18_19,4641717.176470588,1942422,19332500,47370,5598278.101172396,78909192,
BOS,18_19,9065958.23076923,5169960,31214295,77250,10765618.168621602,117857457,
CHA,18_19,8090809.666666667,5000000,24000000,77250,7057599.500791061,121362145,
CHI,18_19,4211701.785714285,1447167,19500000,77250,5948397.316890973,58963825,
CLE,18_19,6276322.6,2990580,24119025,76236,7082982.938981989,125526452,
DAL,18_19,3406800.3571428573,1946605.5,12253780,77250,3682954.686740287,47695205,
DEN,18_19,6658190.94117647,2000000,29230769,56845,9253431.003756536,113189246,
DET,18_19,7823159.266666667,3275280,31873932,77250,9664723.1743679,117347389,
GSW,18_19,8552820.176470589,1646400,37457154,77250,11449162.640052106,145397943,
HOU,18_19,8345764.294117647,1512601,35654150,77250,11073893.183222024,141877993,
IND,18_19,7375673.25,5891167,21000000,449794,6635519.012670488,118010772,
LAC,18_19,5542834.5,3847930,21587579,77250,5644833.37919007,99771021,
LAL,18_19,5390974.95,2446943.5,35654150,52170,8166401.497711961,107819499,
MEM,18_19,6544955.857142857,1656092,30521115,47370,9017866.718111603,137444073,
MIA,18_19,8910352.857142856,6408063,24434262,77250,8334971.794445903,124744940,
MIL,18_19,7738797.823529412,3382000,24157304,77250,7747119.523363444,131559563,
MIN,18_19,8330579.375,6794717.5,25467250,47370,7771316.210229014,133289270,
NOP,18_19,6237137.705882353,2205000,26641111,194220,8225571.825089076,106031341,
NYK,18_19,3830693.066666667,1621415,22897200,67370,5724709.683545477,57460396,
OKC,18_19,7975358.125,2256363.5,35665000,77250,11509067.654601866,127605730,
ORL,18_19,6351140.785714285,3755296.5,21590909,77250,6786925.1825300455,88915971,
PHI,18_19,6614474,2667600,25467250,77250,7437931.475689511,112446058,
PHX,18_19,4087870.5714285714,3286452,19245370,77250,4984006.771938166,57230188,
POR,18_19,10335318.615384616,6957105,27977689,1544951,9457840.889602056,134359142,
SAC,18_19,6204579.5,5078437,24107258,77250,6139609.8468414815,86864113,
SAS,18_19,6671923.076923077,2947320,27739975,77250,8716137.027196169,86735000,
TOR,18_19,8558047.055555556,2863468,32700000,77250,10234597.142579272,154044847,
UTA,18_19,7109306.625,4305000,23491573,77250,6794000.831666821,113748906,
WAS,18_19,8017331.888888889,2944640.5,25434262,77250,9135467.263018163,144311974,
ATL,19_20,5922611.214285715,2661420,19000000,522738,6057395.943397601,82916557,
BKN,19_20,5003534.625,2470796.5,31742000,79568,7901660.845025885,80056554,
BOS,19_20,7238863.25,2982096.5,32742000,79568,10466534.737434529,115821812,
CHA,19_20,7595350.416666667,2716067.5,25565217,163356,9016773.41202856,91144205,
CHI,19_20,5343328.333333333,3377568,19500000,79568,5372802.551833735,80149925,
CLE,19_20,8092845.142857143,3836051.5,28942830,65978,9869278.474095473,113299832,
DAL,19_20,6142575.125,3750000,27285000,79568,6944902.807830626,98281202,
DEN,19_20,8344911,2000000,30350000,79568,10159369.07327472,125173665,
DET,19_20,6432971.375,3427381.5,34449964,79568,8748164.17216772,102927542,
GSW,19_20,7424071.384615385,898310,40231758,91557,13002300.95250407,96512928,
HOU,19_20,8783418,2369531.5,38506482,79568,13209222.390337624,122967852,
IND,19_20,7944987,4148277,21000000,1416852,7560118.373558025,95339844,
LAC,19_20,7233756.066666666,2331593,33005556,79568,10913644.317642987,108506341,
LAL,19_20,6496019.611111111,2564753,37436858,79568,10129818.54192917,116928353,
MEM,19_20,6091362.333333333,2625000,16229213,79568,5771171.7829555655,91370435,
MIA,19_20,8013907.125,3547140,32742000,79568,9206967.11966203,128222514,
MIL,19_20,8535137.642857144,3836400,30603448,604278,9523176.092962777,119491927,
MIN,19_20,7392130.2,2530680,27285000,79568,9723645.720095614,110881953,
NOP,19_20,6506958.647058823,4102564,26131111,79568,7141975.1102527995,110618297,
NYK,19_20,6176735.923076923,4855800,18000000,79568,5560444.676978788,80297567,
OKC,19_20,7767862.533333333,2028594,38506482,79568,11698220.19455073,116517938,
ORL,19_20,8763643.923076924,5806440,28000000,79568,8616935.745733151,113927371,
PHI,19_20,7641902.294117647,2320044,32742000,79568,10753547.98656284,129912339,
PHX,19_20,5182167.1875,2837732.5,27285000,79568,7208129.780372097,82914675,
POR,19_20,8693316.333333334,2159029,29802321,79568,10738694.655991107,130399745,
SAC,19_20,6844136.4,4861207,24147727,79568,6935856.743899352,102662046,
SAS,19_20,6463201.533333333,2689920,27739975,79568,9016890.410482444,96948023,
TOR,19_20,7203735,2351838,33296296,79568,10205558.223311163,122463495,
UTA,19_20,6994724.176470588,1737145,32511623,79568,9734350.613818265,118910311,
WAS,19_20,4925185.066666666,1845301,27093018,79568,7400090.050594437,73877776,
ATL,20_21,6878708.25,4612500,19500000,522989,6477665.454529818,110059332,
BKN,20_21,11384400.52631579,2090040,41254920,237648,14836659.4955973,216303610,
BOS,20_21,7557569.882352941,3458400,27500000,653924,8492360.555189623,128478688,
CHA,20_21,6581276.428571428,2875000,28500000,449115,8466535.314921753,92137870,
CHI,20_21,7843342.4375,6152094,26000000,449115,6898927.286900285,125493479,
CLE,20_21,4701759.5,2139576.5,31258256,58452,6983295.270454355,94035190,
DAL,20_21,6632379.375,3948718,29467800,449115,7272633.26454229,106118070,
DEN,20_21,7923609.9375,3564524.5,29542010,332252,9463938.598235821,126777759,
DET,20_21,4630981.875,3285240,19050000,516836,4968675.316676896,74095710,
GSW,20_21,7694148.3125,1793399.5,43006362,249864,12633189.676431242,123106373,
HOU,20_21,7192968.466666667,1824003,41254920,43070,10960134.089717353,107894527,
IND,20_21,7026023.8125,2651580,20700000,123056,7495187.802439538,112416381,
LAC,20_21,8055942.529411765,3814771,35450412,61528,10896785.028926164,136951023,
LAL,20_21,9157079.625,2821815,39219566,449115,12630308.233977158,146513274,
MEM,20_21,5646320.5,2574120,15000000,449115,5066727.302898706,90341128,
MIA,20_21,8318516.117647059,3822240,34379100,647098,9265152.418368004,141414774,
MIL,20_21,7178157.944444444,2690652.5,33051724,24611,10606066.261847768,129206843,
MIN,20_21,8210439.6,3761085,29467800,166111,9773986.718572678,123156594,
NOP,20_21,7961659.0625,3302159.5,29592695,107674,9758291.973269349,127386545,
NYK,20_21,5077062.866666666,4767000,19845000,520487,4758805.675770008,76155943,
OKC,20_21,4418453.125,2293037,34379100,129209,8169716.3842609525,70695250,
ORL,20_21,4613048.933333334,2383915,19610714,135350,5848816.279583105,69195734,
PHI,20_21,7399236.238095238,2564753,34358850,86132,10739449.121072054,155383961,
PHX,20_21,8004559.75,4080080,41358814,449115,11308735.788372181,128072956,
POR,20_21,9229788,3785051.5,31626953,449115,10929717.953990137,110757456,
SAC,20_21,5319321.3125,1517981,24931817,49222,7601520.006478281,85109141,
SAS,20_21,7000026.666666667,3516284,27739975,449115,8021346.358435976,105000400,
TOR,20_21,7853745,3838182.5,30559200,168983,10270714.930965582,125659920,
UTA,20_21,8004892.882352941,1977000,34502132,470690,10058133.351623904,136083179,
WAS,20_21,7501883.05882353,3737520,41358814,374297,11225422.89782103,127532012,
