"text","favorited","favoriteCount","replyToSN","created","truncated","replyToSID","id","replyToUID","statusSource","screenName","retweetCount","isRetweet","retweeted","longitude","latitude"
"Homeschool students and their adults are invited to CBMM on Oct. 26 for a program on the history, culture, and envi… https://t.co/o0VhlGugYp",FALSE,0,NA,2021-09-27 16:03:09,TRUE,NA,"1442520194333609991",NA,"<a href=""https://www.hootsuite.com"" rel=""nofollow"">Hootsuite Inc.</a>","CBMMorg",0,FALSE,FALSE,NA,NA
"RT @chesapeakebay: “Jennings’ ability to work with people from all walks of life will enable her to implement Governor Northam’s blueprint…",FALSE,0,NA,2021-09-25 14:28:17,FALSE,NA,"1441771541717454849",NA,"<a href=""http://twitter.com/download/android"" rel=""nofollow"">Twitter for Android</a>","MichaelLAllen",3,TRUE,FALSE,NA,NA
"RT @LMDLeads: The Class of 2021 is together this morning at the Hyatt Regency Chesapeake Bay in Cambridge for Day 1 of the Eastern Region a…",FALSE,0,NA,2021-09-23 23:55:35,FALSE,NA,"1441189532318068736",NA,"<a href=""http://twitter.com/download/iphone"" rel=""nofollow"">Twitter for iPhone</a>","bradphillips",2,TRUE,FALSE,NA,NA
"RT @chesapeakebay: “Jennings’ ability to work with people from all walks of life will enable her to implement Governor Northam’s blueprint…",FALSE,0,NA,2021-09-23 18:37:20,FALSE,NA,"1441109444079673350",NA,"<a href=""http://twitter.com/download/iphone"" rel=""nofollow"">Twitter for iPhone</a>","mollyjosephward",3,TRUE,FALSE,NA,NA
"Additional investment in Bay cleanup efforts through the Chesapeake Resilient Farms Initiative would be a huge step… https://t.co/J479qjdAq0",FALSE,2,NA,2021-09-23 18:11:02,TRUE,NA,"1441102825463762959",NA,"<a href=""https://sproutsocial.com"" rel=""nofollow"">Sprout Social</a>","chesapeakebay",0,FALSE,FALSE,NA,NA
"RT @chesapeakebay: “Jennings’ ability to work with people from all walks of life will enable her to implement Governor Northam’s blueprint…",FALSE,0,NA,2021-09-23 17:37:40,FALSE,NA,"1441094429062746118",NA,"<a href=""http://twitter.com/download/android"" rel=""nofollow"">Twitter for Android</a>","humancaptlstock",3,TRUE,FALSE,NA,NA
"“Jennings’ ability to work with people from all walks of life will enable her to implement Governor Northam’s bluep… https://t.co/KyvXp6ql7A",FALSE,7,NA,2021-09-23 17:37:01,TRUE,NA,"1441094262523760643",NA,"<a href=""https://sproutsocial.com"" rel=""nofollow"">Sprout Social</a>","chesapeakebay",3,FALSE,FALSE,NA,NA
"RT @LMDLeads: The Class of 2021 is together this morning at the Hyatt Regency Chesapeake Bay in Cambridge for Day 1 of the Eastern Region a…",FALSE,0,NA,2021-09-23 15:34:09,FALSE,NA,"1441063343884804096",NA,"<a href=""https://mobile.twitter.com"" rel=""nofollow"">Twitter Web App</a>","Econ_Alliance",2,TRUE,FALSE,NA,NA
"The Class of 2021 is together this morning at the Hyatt Regency Chesapeake Bay in Cambridge for Day 1 of the Easter… https://t.co/m4nKTiGg5m",FALSE,5,NA,2021-09-23 14:15:57,TRUE,NA,"1441043664516550663",NA,"<a href=""https://about.twitter.com/products/tweetdeck"" rel=""nofollow"">TweetDeck</a>","LMDLeads",2,FALSE,FALSE,NA,NA
"PA Environment Digest Blog: Presidents Of PA Farm Bureau, Farm Groups In Chesapeake Bay Watershed Call For USDA To… https://t.co/3Jjxrqse8h",FALSE,0,NA,2021-09-20 18:24:28,TRUE,NA,"1440019043919048707",NA,"<a href=""http://twitter.com/download/iphone"" rel=""nofollow"">Twitter for iPhone</a>","EzraThrush",0,FALSE,FALSE,NA,NA
"RT @ChesConserv: William Tayloe Murphy, Jr. spearheaded the passage of many pieces of landmark environmental legislation in Virginia. Thank…",FALSE,0,NA,2021-09-20 17:32:31,FALSE,NA,"1440005967026982913",NA,"<a href=""http://twitter.com/#!/download/ipad"" rel=""nofollow"">Twitter for iPad</a>","ndngenuity",3,TRUE,FALSE,NA,NA
"RT @ChesConserv: William Tayloe Murphy, Jr. spearheaded the passage of many pieces of landmark environmental legislation in Virginia. Thank…",FALSE,0,NA,2021-09-20 14:08:30,FALSE,NA,"1439954626644742156",NA,"<a href=""http://twitter.com/download/iphone"" rel=""nofollow"">Twitter for iPhone</a>","Jeremy_Cox",3,TRUE,FALSE,NA,NA
"RT @ChesConserv: William Tayloe Murphy, Jr. spearheaded the passage of many pieces of landmark environmental legislation in Virginia. Thank…",FALSE,0,NA,2021-09-20 14:04:35,FALSE,NA,"1439953638168928256",NA,"<a href=""http://twitter.com/download/iphone"" rel=""nofollow"">Twitter for iPhone</a>","baltomel",3,TRUE,FALSE,NA,NA
"William Tayloe Murphy, Jr. spearheaded the passage of many pieces of landmark environmental legislation in Virginia… https://t.co/xWooKfih99",FALSE,2,NA,2021-09-20 13:56:31,TRUE,NA,"1439951609182752768",NA,"<a href=""https://www.hootsuite.com"" rel=""nofollow"">Hootsuite Inc.</a>","ChesConserv",3,FALSE,FALSE,NA,NA
"RT @USDA_NRCS: Rotational grazing is good for livestock, soil and the environment. https://t.co/OdHoRmu4QQ https://t.co/Croilq61s1",FALSE,0,NA,2021-09-20 13:14:59,FALSE,NA,"1439941158415765504",NA,"<a href=""https://mobile.twitter.com"" rel=""nofollow"">Twitter Web App</a>","NRCS_Caribbean",10,TRUE,FALSE,NA,NA
"RT @fmlappe: #Agroforestry is the future for our #environment &amp; #economy. Not only do agroforestry systems de-pollute runoff &amp; recycle nutr…",FALSE,0,NA,2021-09-19 13:16:04,FALSE,NA,"1439579042735329283",NA,"<a href=""https://mobile.twitter.com"" rel=""nofollow"">Twitter Web App</a>","NoahSabich",7,TRUE,FALSE,NA,NA
"Maryland’s Ben Cardin Asks EPA Nominee David Uhlmann About Chesapeake Bay Conservations Efforts (Forbes Breaking Ne… https://t.co/lqnSZwSb2w",FALSE,0,NA,2021-09-19 01:06:38,TRUE,NA,"1439395474277081094",NA,"<a href=""https://ifttt.com"" rel=""nofollow"">IFTTT</a>","delovidenie",0,FALSE,FALSE,NA,NA
"RT @USDA_NRCS: Rotational grazing is good for livestock, soil and the environment. https://t.co/OdHoRmu4QQ https://t.co/Croilq61s1",FALSE,0,NA,2021-09-18 19:01:12,FALSE,NA,"1439303512261906433",NA,"<a href=""http://twitter.com/download/iphone"" rel=""nofollow"">Twitter for iPhone</a>","NRCSNH",10,TRUE,FALSE,NA,NA
"RT @USDA_NRCS: Rotational grazing is good for livestock, soil and the environment. https://t.co/OdHoRmu4QQ https://t.co/Croilq61s1",FALSE,0,NA,2021-09-18 13:31:19,FALSE,NA,"1439220493631033347",NA,"<a href=""http://twitter.com/download/iphone"" rel=""nofollow"">Twitter for iPhone</a>","USDA_NRCS_GA",10,TRUE,FALSE,NA,NA
"RT @USDA_NRCS: Rotational grazing is good for livestock, soil and the environment. https://t.co/OdHoRmu4QQ https://t.co/Croilq61s1",FALSE,0,NA,2021-09-18 13:02:53,FALSE,NA,"1439213337309483013",NA,"<a href=""http://twitter.com/download/android"" rel=""nofollow"">Twitter for Android</a>","HarnessCecil",10,TRUE,FALSE,NA,NA
"RT @USDA_NRCS: Rotational grazing is good for livestock, soil and the environment. https://t.co/OdHoRmu4QQ https://t.co/Croilq61s1",FALSE,0,NA,2021-09-18 12:38:15,FALSE,NA,"1439207135943041026",NA,"<a href=""http://twitter.com/download/iphone"" rel=""nofollow"">Twitter for iPhone</a>","TMalone66",10,TRUE,FALSE,NA,NA
"RT @USDA_NRCS: Rotational grazing is good for livestock, soil and the environment. https://t.co/OdHoRmu4QQ https://t.co/Croilq61s1",FALSE,0,NA,2021-09-18 11:45:36,FALSE,NA,"1439193889995436033",NA,"<a href=""http://twitter.com/download/android"" rel=""nofollow"">Twitter for Android</a>","JamesKubla",10,TRUE,FALSE,NA,NA
