"text","favorited","favoriteCount","replyToSN","created","truncated","replyToSID","id","replyToUID","statusSource","screenName","retweetCount","isRetweet","retweeted","longitude","latitude"
"RT @NorthSails: The 80th Annual Penguin Int. Regatta was held at Corsica River Yacht Club. The 🐧 is popular in the Chesapeake Bay region &amp;…",FALSE,0,NA,2021-09-27 07:49:32,FALSE,NA,"1442395969740443655",NA,"<a href=""https://mobile.twitter.com"" rel=""nofollow"">Twitter Web App</a>","schnoddelbotz",5,TRUE,FALSE,NA,NA
"RT @TonyFreeman2015: رودخونه #Potomac در شمال ویرجینیا و مرز بین این ایالت و ایالت مریلند می باشد، این رودخونه بعد از گذشتن از شهر واشنگتن…",FALSE,0,NA,2021-09-27 03:34:54,FALSE,NA,"1442331891076530180",NA,"<a href=""http://twitter.com/download/android"" rel=""nofollow"">Twitter for Android</a>","warcraft4016754",4,TRUE,FALSE,NA,NA
"Afternoon view near the confluence of the Susquehanna River and the Chesapeake Bay. https://t.co/y1i9pcxoVk",FALSE,1,NA,2021-09-27 02:53:36,FALSE,NA,"1442321495003254785",NA,"<a href=""http://twitter.com/download/iphone"" rel=""nofollow"">Twitter for iPhone</a>","WStroeh",0,FALSE,FALSE,NA,NA
"RT @TonyFreeman2015: رودخونه #Potomac در شمال ویرجینیا و مرز بین این ایالت و ایالت مریلند می باشد، این رودخونه بعد از گذشتن از شهر واشنگتن…",FALSE,0,NA,2021-09-26 20:12:24,FALSE,NA,"1442220530451451906",NA,"<a href=""http://twitter.com/download/android"" rel=""nofollow"">Twitter for Android</a>","faribaj67",4,TRUE,FALSE,NA,NA
"RT @TonyFreeman2015: رودخونه #Potomac در شمال ویرجینیا و مرز بین این ایالت و ایالت مریلند می باشد، این رودخونه بعد از گذشتن از شهر واشنگتن…",FALSE,0,NA,2021-09-26 19:03:24,FALSE,NA,"1442203168725614593",NA,"<a href=""http://twitter.com/download/android"" rel=""nofollow"">Twitter for Android</a>","Baranjan92",4,TRUE,FALSE,NA,NA
"RT @TonyFreeman2015: رودخونه #Potomac در شمال ویرجینیا و مرز بین این ایالت و ایالت مریلند می باشد، این رودخونه بعد از گذشتن از شهر واشنگتن…",FALSE,0,NA,2021-09-26 15:31:05,FALSE,NA,"1442149733863079941",NA,"<a href=""http://twitter.com/download/android"" rel=""nofollow"">Twitter for Android</a>","jack___dalton",4,TRUE,FALSE,NA,NA
"رودخونه #Potomac در شمال ویرجینیا و مرز بین این ایالت و ایالت مریلند می باشد، این رودخونه بعد از گذشتن از شهر واشنگ… https://t.co/ZIhOBBv0w7",FALSE,84,NA,2021-09-26 15:28:21,TRUE,NA,"1442149049658855425",NA,"<a href=""http://twitter.com/download/android"" rel=""nofollow"">Twitter for Android</a>","TonyFreeman2015",4,FALSE,FALSE,NA,NA
"Today is #WorldRiversDay! Our restoration work in the Pocomoke River is the largest of its kind in Maryland's histo… https://t.co/LvIUHsjPrU",FALSE,1,NA,2021-09-26 15:00:11,TRUE,NA,"1442141961054474250",NA,"<a href=""https://www.spredfast.com"" rel=""nofollow"">Khoros Publishing App</a>","Nature_DCMDVA",0,FALSE,FALSE,NA,NA
"Today is #WorldRiversDay! Explore our work to protect the Susquehanna River, the Chesapeake Bay's largest tributary… https://t.co/YWg2gCbEev",FALSE,0,NA,2021-09-26 15:00:05,TRUE,NA,"1442141934311591937",NA,"<a href=""https://www.spredfast.com"" rel=""nofollow"">Khoros Publishing App</a>","PA_nature",0,FALSE,FALSE,NA,NA
"Dc has a Green Party and the Sierra club is in Maryland,dc and Virginia and pretty well organized.there’s save the… https://t.co/SCW9cEdX4K",FALSE,0,NA,2021-09-26 10:25:53,TRUE,NA,"1442072929462804480",NA,"<a href=""https://mobile.twitter.com"" rel=""nofollow"">Twitter Web App</a>","GallucioHenry",0,FALSE,FALSE,NA,NA
"@Antisillypirate This is the North East River in Maryland.  5 rivers come together and spill into the top of the Ch… https://t.co/gLaOfwVzla",FALSE,3,"crosshairsonyou",2021-09-26 00:41:57,TRUE,"1441917566084079616","1441925976632463360","3143511569","<a href=""http://twitter.com/download/android"" rel=""nofollow"">Twitter for Android</a>","crosshairsonyou",0,FALSE,FALSE,NA,NA
"@ricburton Some kayaking on the Chester River (Chesapeake Bay) before the nightly 3ish mile walk around Firefly Fes… https://t.co/cBMyPe2czh",FALSE,3,"ricburton",2021-09-25 16:22:03,TRUE,"1441793885995294726","1441800172737077249","14285961","<a href=""http://twitter.com/download/iphone"" rel=""nofollow"">Twitter for iPhone</a>","rahshank",0,FALSE,FALSE,NA,NA
"RT @jtd614: Foggy morning by the Susquehanna River and Chesapeake Bay #PokemonGO #GOsnapshot https://t.co/ZQHdsHv2Ws",FALSE,0,NA,2021-09-25 14:18:51,FALSE,NA,"1441769169108684820",NA,"<a href=""http://twitter.com/download/iphone"" rel=""nofollow"">Twitter for iPhone</a>","mybaka614",1,TRUE,FALSE,NA,NA
"Foggy morning by the Susquehanna River and Chesapeake Bay #PokemonGO #GOsnapshot https://t.co/ZQHdsHv2Ws",FALSE,4,NA,2021-09-25 13:34:15,FALSE,NA,"1441757944044003329",NA,"<a href=""http://twitter.com/download/iphone"" rel=""nofollow"">Twitter for iPhone</a>","jtd614",1,FALSE,FALSE,NA,NA
"RT @NorthSails: The 80th Annual Penguin Int. Regatta was held at Corsica River Yacht Club. The 🐧 is popular in the Chesapeake Bay region &amp;…",FALSE,0,NA,2021-09-25 07:26:24,FALSE,NA,"1441665373921759233",NA,"<a href=""https://mobile.twitter.com"" rel=""nofollow"">Twitter Web App</a>","schnoddelbotz",5,TRUE,FALSE,NA,NA
"This week, the @MDEnvironment was featured in a #WashingtonPost article on its efforts to reinvigorate the American… https://t.co/cOxuhrSF1L",FALSE,0,NA,2021-09-24 18:22:48,TRUE,NA,"1441468173472178182",NA,"<a href=""https://mobile.twitter.com"" rel=""nofollow"">Twitter Web App</a>","ECOStates",0,FALSE,FALSE,NA,NA
"AKQ expires Small Craft Advisory for Chesapeake Bay from Smith Point to Windmill Point VA, Chesapeake Bay from Wind… https://t.co/gAh2FPAhGb",FALSE,0,NA,2021-09-24 17:04:42,TRUE,NA,"1441448517466136580",NA,"<a href=""https://mesonet.agron.iastate.edu/projects/iembot/"" rel=""nofollow"">iembot</a>","MidwestWeather3",0,FALSE,FALSE,NA,NA
"RT @NorthSails: The 80th Annual Penguin Int. Regatta was held at Corsica River Yacht Club. The 🐧 is popular in the Chesapeake Bay region &amp;…",FALSE,0,NA,2021-09-24 17:02:49,FALSE,NA,"1441448045745430530",NA,"<a href=""https://mobile.twitter.com"" rel=""nofollow"">Twitter Web App</a>","SaxonStacker",5,TRUE,FALSE,NA,NA
"LWX expires Small Craft Advisory for Chesapeake Bay from Drum Point MD to Smith Point VA, Chesapeake Bay from North… https://t.co/kQjRWhduvw",FALSE,0,NA,2021-09-24 15:11:40,TRUE,NA,"1441420071872581636",NA,"<a href=""https://mesonet.agron.iastate.edu/projects/iembot/"" rel=""nofollow"">iembot</a>","MarylandWx",0,FALSE,FALSE,NA,NA
"LWX expires Small Craft Advisory for Chesapeake Bay from Drum Point MD to Smith Point VA, Chesapeake Bay from North… https://t.co/9NOEYqc3SG",FALSE,0,NA,2021-09-24 15:11:39,TRUE,NA,"1441420070698164231",NA,"<a href=""https://mesonet.agron.iastate.edu/projects/iembot/"" rel=""nofollow"">iembot</a>","MidwestWeather3",0,FALSE,FALSE,NA,NA
"RT @NorthSails: The 80th Annual Penguin Int. Regatta was held at Corsica River Yacht Club. The 🐧 is popular in the Chesapeake Bay region &amp;…",FALSE,0,NA,2021-09-24 12:50:25,FALSE,NA,"1441384528161886222",NA,"<a href=""https://mobile.twitter.com"" rel=""nofollow"">Twitter Web App</a>","schnoddelbotz",5,TRUE,FALSE,NA,NA
"290 Loch Lane Heathesville Va. 22473  Waterfront on Back Creek, joining The Little Wicomico River and next the Ches… https://t.co/uJlZFscddv",FALSE,0,NA,2021-09-24 11:46:30,TRUE,NA,"1441368440439132164",NA,"<a href=""http://twitter.com/download/iphone"" rel=""nofollow"">Twitter for iPhone</a>","NO1RLTR",0,FALSE,FALSE,NA,NA
"@callmekrisstat But you do...  welcome to Virginia! 
1. Hampton Roads Bridge Tunnel
2. Monitor and Merrimack Bridge… https://t.co/EcLQ8oeQwd",FALSE,3,"callmekrisstat",2021-09-23 22:50:33,TRUE,"1441094375790899200","1441173168161386499","467130861","<a href=""http://twitter.com/download/android"" rel=""nofollow"">Twitter for Android</a>","BryanMaola",0,FALSE,FALSE,NA,NA
"LWX issues Small Craft Advisory valid at Sep 23, 6:00 PM EDT for Chesapeake Bay from Pooles Island to Sandy Point M… https://t.co/hbymW6Upq9",FALSE,0,NA,2021-09-23 15:45:38,TRUE,NA,"1441066234708066305",NA,"<a href=""https://mesonet.agron.iastate.edu/projects/iembot/"" rel=""nofollow"">iembot</a>","MarylandWx",0,FALSE,FALSE,NA,NA
"LWX issues Small Craft Advisory valid at Sep 23, 6:00 PM EDT for Chesapeake Bay from Pooles Island to Sandy Point M… https://t.co/pvQnJI4uLF",FALSE,0,NA,2021-09-23 15:45:38,TRUE,NA,"1441066233655291919",NA,"<a href=""https://mesonet.agron.iastate.edu/projects/iembot/"" rel=""nofollow"">iembot</a>","MidwestWeather3",0,FALSE,FALSE,NA,NA
"LWX issues Small Craft Advisory valid at Sep 23, 6:00 PM EDT for Chesapeake Bay north of Pooles Island MD, Patapsco… https://t.co/jxSlr6WsRW",FALSE,0,NA,2021-09-23 15:45:38,TRUE,NA,"1441066233231646742",NA,"<a href=""https://mesonet.agron.iastate.edu/projects/iembot/"" rel=""nofollow"">iembot</a>","MarylandWx",0,FALSE,FALSE,NA,NA
"LWX issues Small Craft Advisory valid at Sep 23, 6:00 PM EDT for Chesapeake Bay north of Pooles Island MD, Patapsco… https://t.co/8SQBSYRHkF",FALSE,0,NA,2021-09-23 15:45:38,TRUE,NA,"1441066233034465281",NA,"<a href=""https://mesonet.agron.iastate.edu/projects/iembot/"" rel=""nofollow"">iembot</a>","MidwestWeather3",0,FALSE,FALSE,NA,NA
"LWX cancels Small Craft Advisory for Chesapeake Bay from North Beach to Drum Point MD, Chesapeake Bay from Sandy Po… https://t.co/SGCBJCzMN4",FALSE,0,NA,2021-09-23 15:45:37,TRUE,NA,"1441066231168077833",NA,"<a href=""https://mesonet.agron.iastate.edu/projects/iembot/"" rel=""nofollow"">iembot</a>","MarylandWx",0,FALSE,FALSE,NA,NA
"LWX cancels Small Craft Advisory for Chesapeake Bay from North Beach to Drum Point MD, Chesapeake Bay from Sandy Po… https://t.co/TMTUXD9zkL",FALSE,0,NA,2021-09-23 15:45:37,TRUE,NA,"1441066230962540547",NA,"<a href=""https://mesonet.agron.iastate.edu/projects/iembot/"" rel=""nofollow"">iembot</a>","MidwestWeather3",0,FALSE,FALSE,NA,NA
"LWX cancels Small Craft Advisory for Chesapeake Bay from Pooles Island to Sandy Point MD, Chester River to Queensto… https://t.co/yFGmZtcPXC",FALSE,0,NA,2021-09-23 15:45:37,TRUE,NA,"1441066228785696775",NA,"<a href=""https://mesonet.agron.iastate.edu/projects/iembot/"" rel=""nofollow"">iembot</a>","MidwestWeather3",0,FALSE,FALSE,NA,NA
"LWX cancels Small Craft Advisory for Chesapeake Bay from Pooles Island to Sandy Point MD, Chester River to Queensto… https://t.co/nzfxkQPGLS",FALSE,0,NA,2021-09-23 15:45:37,TRUE,NA,"1441066228185907205",NA,"<a href=""https://mesonet.agron.iastate.edu/projects/iembot/"" rel=""nofollow"">iembot</a>","MarylandWx",0,FALSE,FALSE,NA,NA
"LWX cancels Small Craft Advisory for Chesapeake Bay north of Pooles Island MD, Patapsco River including Baltimore H… https://t.co/0VJI81Ea0t",FALSE,0,NA,2021-09-23 15:45:36,TRUE,NA,"1441066225077932037",NA,"<a href=""https://mesonet.agron.iastate.edu/projects/iembot/"" rel=""nofollow"">iembot</a>","MidwestWeather3",0,FALSE,FALSE,NA,NA
"LWX cancels Small Craft Advisory for Chesapeake Bay north of Pooles Island MD, Patapsco River including Baltimore H… https://t.co/yVmXqO3eoy",FALSE,0,NA,2021-09-23 15:45:36,TRUE,NA,"1441066224373223430",NA,"<a href=""https://mesonet.agron.iastate.edu/projects/iembot/"" rel=""nofollow"">iembot</a>","MarylandWx",0,FALSE,FALSE,NA,NA
"LWX cancels Gale Warning for Chesapeake Bay north of Pooles Island MD, Patapsco River including Baltimore Harbor [A… https://t.co/M48gruETD2",FALSE,0,NA,2021-09-23 14:47:32,TRUE,NA,"1441051614219956228",NA,"<a href=""https://mesonet.agron.iastate.edu/projects/iembot/"" rel=""nofollow"">iembot</a>","MidwestWeather3",0,FALSE,FALSE,NA,NA
"LWX cancels Gale Warning for Chesapeake Bay north of Pooles Island MD, Patapsco River including Baltimore Harbor [A… https://t.co/iQxfWdBfiy",FALSE,0,NA,2021-09-23 14:47:32,TRUE,NA,"1441051613980868608",NA,"<a href=""https://mesonet.agron.iastate.edu/projects/iembot/"" rel=""nofollow"">iembot</a>","MarylandWx",0,FALSE,FALSE,NA,NA
"LWX cancels Gale Warning for Chesapeake Bay from North Beach to Drum Point MD, Chesapeake Bay from Pooles Island to… https://t.co/mV1rXt76bp",FALSE,0,NA,2021-09-23 14:47:32,TRUE,NA,"1441051613360115716",NA,"<a href=""https://mesonet.agron.iastate.edu/projects/iembot/"" rel=""nofollow"">iembot</a>","MarylandWx",0,FALSE,FALSE,NA,NA
"LWX cancels Gale Warning for Chesapeake Bay from North Beach to Drum Point MD, Chesapeake Bay from Pooles Island to… https://t.co/mJzCF1DKgu",FALSE,0,NA,2021-09-23 14:47:32,TRUE,NA,"1441051613322301451",NA,"<a href=""https://mesonet.agron.iastate.edu/projects/iembot/"" rel=""nofollow"">iembot</a>","MidwestWeather3",0,FALSE,FALSE,NA,NA
"LWX extends time of Small Craft Advisory for Chesapeake Bay north of Pooles Island MD, Patapsco River including Bal… https://t.co/YuAvTkFmkT",FALSE,0,NA,2021-09-23 14:47:32,TRUE,NA,"1441051611392995336",NA,"<a href=""https://mesonet.agron.iastate.edu/projects/iembot/"" rel=""nofollow"">iembot</a>","MarylandWx",0,FALSE,FALSE,NA,NA
"LWX extends time of Small Craft Advisory for Chesapeake Bay north of Pooles Island MD, Patapsco River including Bal… https://t.co/oOrZv2PYAk",FALSE,0,NA,2021-09-23 14:47:32,TRUE,NA,"1441051611351052289",NA,"<a href=""https://mesonet.agron.iastate.edu/projects/iembot/"" rel=""nofollow"">iembot</a>","MidwestWeather3",0,FALSE,FALSE,NA,NA
"LWX cancels Marine Warning for Chesapeake Bay from Drum Point MD to Smith Point VA, Chesapeake Bay from North Beach… https://t.co/671ERz6QTe",FALSE,0,NA,2021-09-23 14:22:30,TRUE,NA,"1441045312957681667",NA,"<a href=""https://mesonet.agron.iastate.edu/projects/iembot/"" rel=""nofollow"">iembot</a>","peytonmwx",0,FALSE,FALSE,NA,NA
"LWX cancels Marine Warning for Chesapeake Bay from Drum Point MD to Smith Point VA, Chesapeake Bay from North Beach… https://t.co/A242dfT2SA",FALSE,0,NA,2021-09-23 14:22:06,TRUE,NA,"1441045211824545800",NA,"<a href=""https://mesonet.agron.iastate.edu/projects/iembot/"" rel=""nofollow"">iembot</a>","KnightBuster2",0,FALSE,FALSE,NA,NA
"LWX cancels Marine Warning for Chesapeake Bay from Drum Point MD to Smith Point VA, Chesapeake Bay from North Beach… https://t.co/Cw7U0Ge255",FALSE,0,NA,2021-09-23 14:22:06,TRUE,NA,"1441045211702980610",NA,"<a href=""https://mesonet.agron.iastate.edu/projects/iembot/"" rel=""nofollow"">iembot</a>","MetMattRitter",0,FALSE,FALSE,NA,NA
"LWX cancels Marine Warning for Chesapeake Bay from Drum Point MD to Smith Point VA, Chesapeake Bay from North Beach… https://t.co/506eT3u8sm",FALSE,0,NA,2021-09-23 14:22:06,TRUE,NA,"1441045211652579328",NA,"<a href=""https://mesonet.agron.iastate.edu/projects/iembot/"" rel=""nofollow"">iembot</a>","westvirginia_wx",0,FALSE,FALSE,NA,NA
"LWX cancels Marine Warning for Chesapeake Bay from Drum Point MD to Smith Point VA, Chesapeake Bay from North Beach… https://t.co/m6IDBP0Qkv",FALSE,1,NA,2021-09-23 14:22:06,TRUE,NA,"1441045211644260360",NA,"<a href=""https://mesonet.agron.iastate.edu/projects/iembot/"" rel=""nofollow"">iembot</a>","hbwx",0,FALSE,FALSE,NA,NA
"LWX cancels Marine Warning for Chesapeake Bay from Drum Point MD to Smith Point VA, Chesapeake Bay from North Beach… https://t.co/G1HqhXGkOJ",FALSE,0,NA,2021-09-23 14:22:06,TRUE,NA,"1441045211606503425",NA,"<a href=""https://mesonet.agron.iastate.edu/projects/iembot/"" rel=""nofollow"">iembot</a>","MarylandWx",0,FALSE,FALSE,NA,NA
"LWX cancels Marine Warning for Chesapeake Bay from Drum Point MD to Smith Point VA, Chesapeake Bay from North Beach… https://t.co/65UTtMsUEq",FALSE,0,NA,2021-09-23 14:22:06,TRUE,NA,"1441045211539333124",NA,"<a href=""https://mesonet.agron.iastate.edu/projects/iembot/"" rel=""nofollow"">iembot</a>","iembot_lwx",0,FALSE,FALSE,NA,NA
"LWX continues Gale Warning for Chesapeake Bay north of Pooles Island MD, Patapsco River including Baltimore Harbor… https://t.co/AfKplBXGA6",FALSE,0,NA,2021-09-23 14:02:25,TRUE,NA,"1441040260310265859",NA,"<a href=""https://mesonet.agron.iastate.edu/projects/iembot/"" rel=""nofollow"">iembot</a>","MarylandWx",0,FALSE,FALSE,NA,NA
"LWX continues Gale Warning for Chesapeake Bay north of Pooles Island MD, Patapsco River including Baltimore Harbor… https://t.co/bnnjW3Y6FI",FALSE,0,NA,2021-09-23 14:02:25,TRUE,NA,"1441040259593097231",NA,"<a href=""https://mesonet.agron.iastate.edu/projects/iembot/"" rel=""nofollow"">iembot</a>","MidwestWeather3",0,FALSE,FALSE,NA,NA
"LWX continues Small Craft Advisory valid at Sep 23, 12:00 PM EDT for Chesapeake Bay north of Pooles Island MD, Pata… https://t.co/fy5XFEoLyd",FALSE,0,NA,2021-09-23 14:02:24,TRUE,NA,"1441040254887075842",NA,"<a href=""https://mesonet.agron.iastate.edu/projects/iembot/"" rel=""nofollow"">iembot</a>","MidwestWeather3",0,FALSE,FALSE,NA,NA
"LWX continues Small Craft Advisory valid at Sep 23, 12:00 PM EDT for Chesapeake Bay north of Pooles Island MD, Pata… https://t.co/TiqcHj77es",FALSE,0,NA,2021-09-23 14:02:24,TRUE,NA,"1441040254249492490",NA,"<a href=""https://mesonet.agron.iastate.edu/projects/iembot/"" rel=""nofollow"">iembot</a>","MarylandWx",0,FALSE,FALSE,NA,NA
"The water was over the docks on the Severn River (and I imagine most of the Chesapeake Bay), this morning. The rains were intense.",FALSE,3,NA,2021-09-23 13:54:24,FALSE,NA,"1441038240635625472",NA,"<a href=""http://twitter.com/download/iphone"" rel=""nofollow"">Twitter for iPhone</a>","nrvsbrd",0,FALSE,FALSE,NA,NA
"The National Weather Service has issued a Special Marine Warning for Chesapeake Bay from North Beach to Drum Point,… https://t.co/qWHnC6H4Ex",FALSE,0,NA,2021-09-23 13:02:42,TRUE,NA,"1441025229304868868",NA,"<a href=""https://help.twitter.com/en/using-twitter/how-to-tweet#source-labels"" rel=""nofollow"">WJON IP EAS Alerts</a>","WJONIP",0,FALSE,FALSE,NA,NA
"AKQ expires Marine Warning for Chesapeake Bay from Little Creek VA to Cape Henry VA including the Chesapeake Bay Br… https://t.co/bkCWvrCIxd",FALSE,0,NA,2021-09-23 12:43:48,TRUE,NA,"1441020472506798080",NA,"<a href=""https://mesonet.agron.iastate.edu/projects/iembot/"" rel=""nofollow"">iembot</a>","KnightBuster2",0,FALSE,FALSE,NA,NA
"AKQ expires Marine Warning for Chesapeake Bay from Little Creek VA to Cape Henry VA including the Chesapeake Bay Br… https://t.co/RqMOrQSE0h",FALSE,0,NA,2021-09-23 12:43:48,TRUE,NA,"1441020472489955331",NA,"<a href=""https://mesonet.agron.iastate.edu/projects/iembot/"" rel=""nofollow"">iembot</a>","iembot_akq",0,FALSE,FALSE,NA,NA
"LWX expires Marine Warning for Chesapeake Bay from Drum Point MD to Smith Point VA, Chesapeake Bay from North Beach… https://t.co/z5wqPj6sCx",FALSE,0,NA,2021-09-23 11:14:51,TRUE,NA,"1440998088903065600",NA,"<a href=""https://mesonet.agron.iastate.edu/projects/iembot/"" rel=""nofollow"">iembot</a>","westvirginia_wx",0,FALSE,FALSE,NA,NA
"LWX expires Marine Warning for Chesapeake Bay from Drum Point MD to Smith Point VA, Chesapeake Bay from North Beach… https://t.co/kEARhkLuMz",FALSE,0,NA,2021-09-23 11:14:51,TRUE,NA,"1440998088701714442",NA,"<a href=""https://mesonet.agron.iastate.edu/projects/iembot/"" rel=""nofollow"">iembot</a>","peytonmwx",0,FALSE,FALSE,NA,NA
"LWX expires Marine Warning for Chesapeake Bay from Drum Point MD to Smith Point VA, Chesapeake Bay from North Beach… https://t.co/8Wmg8lPhr5",FALSE,0,NA,2021-09-23 11:14:51,TRUE,NA,"1440998088701714435",NA,"<a href=""https://mesonet.agron.iastate.edu/projects/iembot/"" rel=""nofollow"">iembot</a>","iembot_lwx",0,FALSE,FALSE,NA,NA
"LWX expires Marine Warning for Chesapeake Bay from Drum Point MD to Smith Point VA, Chesapeake Bay from North Beach… https://t.co/yTi0bN70hW",FALSE,0,NA,2021-09-23 11:14:51,TRUE,NA,"1440998088622034944",NA,"<a href=""https://mesonet.agron.iastate.edu/projects/iembot/"" rel=""nofollow"">iembot</a>","MetMattRitter",0,FALSE,FALSE,NA,NA
"LWX expires Marine Warning for Chesapeake Bay from Drum Point MD to Smith Point VA, Chesapeake Bay from North Beach… https://t.co/CC5qt1yq1E",FALSE,0,NA,2021-09-23 11:14:51,TRUE,NA,"1440998088575832066",NA,"<a href=""https://mesonet.agron.iastate.edu/projects/iembot/"" rel=""nofollow"">iembot</a>","hbwx",0,FALSE,FALSE,NA,NA
"LWX expires Marine Warning for Chesapeake Bay from Drum Point MD to Smith Point VA, Chesapeake Bay from North Beach… https://t.co/mTWaWof3Nl",FALSE,0,NA,2021-09-23 11:14:51,TRUE,NA,"1440998088567521292",NA,"<a href=""https://mesonet.agron.iastate.edu/projects/iembot/"" rel=""nofollow"">iembot</a>","KnightBuster2",0,FALSE,FALSE,NA,NA
"LWX expires Marine Warning for Chesapeake Bay from Drum Point MD to Smith Point VA, Chesapeake Bay from North Beach… https://t.co/rkY9MT4thw",FALSE,0,NA,2021-09-23 11:14:51,TRUE,NA,"1440998088517193730",NA,"<a href=""https://mesonet.agron.iastate.edu/projects/iembot/"" rel=""nofollow"">iembot</a>","MarylandWx",0,FALSE,FALSE,NA,NA
"RT @NWS_BaltWash: Special Marine Warning including the Chesapeake Bay from Drum Point MD to Smith Point VA, Chesapeake Bay from North Beach…",FALSE,0,NA,2021-09-23 10:55:45,FALSE,NA,"1440993281555447812",NA,"<a href=""http://twitter.com/download/android"" rel=""nofollow"">Twitter for Android</a>","BreakingNewzman",2,TRUE,FALSE,NA,NA
"Special Marine Warning including the Chesapeake Bay from Drum Point MD to Smith Point VA, Chesapeake Bay from North… https://t.co/0hqzNtGpaL",FALSE,4,NA,2021-09-23 10:20:46,TRUE,NA,"1440984480169140226",NA,"<a href=""http://www.weather.gov/crh/impact"" rel=""nofollow"">Svr Wx Impact Graphics - LWX</a>","NWS_BaltWash",2,FALSE,FALSE,NA,NA
"LWX continues Gale Warning for Chesapeake Bay north of Pooles Island MD, Patapsco River including Baltimore Harbor… https://t.co/dRFfaINe52",FALSE,0,NA,2021-09-23 07:05:23,TRUE,NA,"1440935310594957319",NA,"<a href=""https://mesonet.agron.iastate.edu/projects/iembot/"" rel=""nofollow"">iembot</a>","MidwestWeather3",0,FALSE,FALSE,NA,NA
"LWX continues Gale Warning for Chesapeake Bay north of Pooles Island MD, Patapsco River including Baltimore Harbor… https://t.co/OMbjNftuVi",FALSE,0,NA,2021-09-23 07:05:23,TRUE,NA,"1440935310553010177",NA,"<a href=""https://mesonet.agron.iastate.edu/projects/iembot/"" rel=""nofollow"">iembot</a>","MarylandWx",0,FALSE,FALSE,NA,NA
"LWX extends time of Small Craft Advisory valid at Sep 23, 12:00 PM EDT for Chesapeake Bay north of Pooles Island MD… https://t.co/4q3FkVu1ug",FALSE,0,NA,2021-09-23 07:05:13,TRUE,NA,"1440935265946591241",NA,"<a href=""https://mesonet.agron.iastate.edu/projects/iembot/"" rel=""nofollow"">iembot</a>","MarylandWx",0,FALSE,FALSE,NA,NA
"LWX extends time of Small Craft Advisory valid at Sep 23, 12:00 PM EDT for Chesapeake Bay north of Pooles Island MD… https://t.co/uUWq4EaUJh",FALSE,0,NA,2021-09-23 07:05:13,TRUE,NA,"1440935265502072832",NA,"<a href=""https://mesonet.agron.iastate.edu/projects/iembot/"" rel=""nofollow"">iembot</a>","MidwestWeather3",0,FALSE,FALSE,NA,NA
"LWX continues Gale Warning for Chesapeake Bay north of Pooles Island MD, Patapsco River including Baltimore Harbor… https://t.co/3uvsJtWmGB",FALSE,0,NA,2021-09-23 05:48:17,TRUE,NA,"1440915904875823104",NA,"<a href=""https://mesonet.agron.iastate.edu/projects/iembot/"" rel=""nofollow"">iembot</a>","MidwestWeather3",0,FALSE,FALSE,NA,NA
"LWX continues Gale Warning for Chesapeake Bay north of Pooles Island MD, Patapsco River including Baltimore Harbor… https://t.co/JgqGSdPSes",FALSE,0,NA,2021-09-23 05:48:17,TRUE,NA,"1440915904708026368",NA,"<a href=""https://mesonet.agron.iastate.edu/projects/iembot/"" rel=""nofollow"">iembot</a>","MarylandWx",0,FALSE,FALSE,NA,NA
"LWX continues Small Craft Advisory valid at Sep 23, 12:00 PM EDT for Chesapeake Bay north of Pooles Island MD, Pata… https://t.co/UbouBZ6BdQ",FALSE,0,NA,2021-09-23 05:48:11,TRUE,NA,"1440915879131160578",NA,"<a href=""https://mesonet.agron.iastate.edu/projects/iembot/"" rel=""nofollow"">iembot</a>","MidwestWeather3",0,FALSE,FALSE,NA,NA
"LWX continues Small Craft Advisory valid at Sep 23, 12:00 PM EDT for Chesapeake Bay north of Pooles Island MD, Pata… https://t.co/JrCpDr6Eba",FALSE,0,NA,2021-09-23 05:48:11,TRUE,NA,"1440915878774673411",NA,"<a href=""https://mesonet.agron.iastate.edu/projects/iembot/"" rel=""nofollow"">iembot</a>","MarylandWx",0,FALSE,FALSE,NA,NA
"@Robotbeat @SamRoseAuthor @ElmarMoelzer That’s nice if you don’t count the fuel rod housing, the crypts they sit in… https://t.co/gXbD95wXoI",FALSE,0,"Robotbeat",2021-09-23 03:59:27,TRUE,"1440888025068802050","1440888515290599424","82431632","<a href=""https://mobile.twitter.com"" rel=""nofollow"">Twitter Web App</a>","Sailing_fool",0,FALSE,FALSE,NA,NA
"LWX continues Gale Warning for Chesapeake Bay north of Pooles Island MD, Patapsco River including Baltimore Harbor… https://t.co/rIyQdm1QI1",FALSE,0,NA,2021-09-22 23:21:28,TRUE,NA,"1440818561178427392",NA,"<a href=""https://mesonet.agron.iastate.edu/projects/iembot/"" rel=""nofollow"">iembot</a>","MarylandWx",0,FALSE,FALSE,NA,NA
"LWX continues Gale Warning for Chesapeake Bay north of Pooles Island MD, Patapsco River including Baltimore Harbor… https://t.co/JQHB1tIeEZ",FALSE,0,NA,2021-09-22 23:21:28,TRUE,NA,"1440818561040064514",NA,"<a href=""https://mesonet.agron.iastate.edu/projects/iembot/"" rel=""nofollow"">iembot</a>","MidwestWeather3",0,FALSE,FALSE,NA,NA
"LWX continues Small Craft Advisory valid at Sep 23, 12:00 PM EDT for Chesapeake Bay north of Pooles Island MD, Pata… https://t.co/o2cYOqs9Kf",FALSE,0,NA,2021-09-22 23:21:23,TRUE,NA,"1440818539485548546",NA,"<a href=""https://mesonet.agron.iastate.edu/projects/iembot/"" rel=""nofollow"">iembot</a>","MidwestWeather3",0,FALSE,FALSE,NA,NA
"LWX continues Small Craft Advisory valid at Sep 23, 12:00 PM EDT for Chesapeake Bay north of Pooles Island MD, Pata… https://t.co/uLZhfSr2tB",FALSE,0,NA,2021-09-22 23:21:23,TRUE,NA,"1440818539431010314",NA,"<a href=""https://mesonet.agron.iastate.edu/projects/iembot/"" rel=""nofollow"">iembot</a>","MarylandWx",0,FALSE,FALSE,NA,NA
"Today &amp; Tonite (9/22) a few instances of damaging wind gusts (or isolated tornado) possible w/ showers/isolated t-s… https://t.co/98lcF0Tieg",FALSE,1,NA,2021-09-22 16:25:05,TRUE,NA,"1440713773610782729",NA,"<a href=""http://twitter.com/download/iphone"" rel=""nofollow"">Twitter for iPhone</a>","mcfrsPIO",1,FALSE,FALSE,NA,NA
"LWX expires Small Craft Advisory for Chesapeake Bay north of Pooles Island MD, Patapsco River including Baltimore H… https://t.co/Zgb6hmV7gb",FALSE,0,NA,2021-09-22 15:55:01,TRUE,NA,"1440706207916834819",NA,"<a href=""https://mesonet.agron.iastate.edu/projects/iembot/"" rel=""nofollow"">iembot</a>","MarylandWx",0,FALSE,FALSE,NA,NA
"LWX continues Gale Warning for Chesapeake Bay north of Pooles Island MD, Patapsco River including Baltimore Harbor… https://t.co/cB0TPP7Lxn",FALSE,0,NA,2021-09-22 15:55:01,TRUE,NA,"1440706207904243724",NA,"<a href=""https://mesonet.agron.iastate.edu/projects/iembot/"" rel=""nofollow"">iembot</a>","MarylandWx",0,FALSE,FALSE,NA,NA
"LWX expires Small Craft Advisory for Chesapeake Bay north of Pooles Island MD, Patapsco River including Baltimore H… https://t.co/t4LKEE7bI5",FALSE,0,NA,2021-09-22 15:55:01,TRUE,NA,"1440706207899996184",NA,"<a href=""https://mesonet.agron.iastate.edu/projects/iembot/"" rel=""nofollow"">iembot</a>","MidwestWeather3",0,FALSE,FALSE,NA,NA
"LWX continues Gale Warning for Chesapeake Bay north of Pooles Island MD, Patapsco River including Baltimore Harbor… https://t.co/DkaLExG0Fh",FALSE,0,NA,2021-09-22 15:55:01,TRUE,NA,"1440706207820386310",NA,"<a href=""https://mesonet.agron.iastate.edu/projects/iembot/"" rel=""nofollow"">iembot</a>","MidwestWeather3",0,FALSE,FALSE,NA,NA
"LWX continues Small Craft Advisory valid at Sep 23, 12:00 PM EDT for Chesapeake Bay north of Pooles Island MD, Pata… https://t.co/0mtXF5EMhB",FALSE,0,NA,2021-09-22 15:55:00,TRUE,NA,"1440706203328208902",NA,"<a href=""https://mesonet.agron.iastate.edu/projects/iembot/"" rel=""nofollow"">iembot</a>","MarylandWx",0,FALSE,FALSE,NA,NA
"LWX continues Small Craft Advisory valid at Sep 23, 12:00 PM EDT for Chesapeake Bay north of Pooles Island MD, Pata… https://t.co/wwdfyXnZpx",FALSE,0,NA,2021-09-22 15:55:00,TRUE,NA,"1440706202913034253",NA,"<a href=""https://mesonet.agron.iastate.edu/projects/iembot/"" rel=""nofollow"">iembot</a>","MidwestWeather3",0,FALSE,FALSE,NA,NA
"RT @MarylandWx: LWX extends time and expands area to include Gale Warning for Chesapeake Bay north of Pooles Island MD, Patapsco River incl…",FALSE,0,NA,2021-09-22 15:05:20,FALSE,NA,"1440693701999677453",NA,"<a href=""http://twitter.com/download/iphone"" rel=""nofollow"">Twitter for iPhone</a>","stateMDWX",1,TRUE,FALSE,NA,NA
"RT @MarylandWx: LWX extends time of Small Craft Advisory for Chesapeake Bay north of Pooles Island MD, Patapsco River including Baltimore H…",FALSE,0,NA,2021-09-22 15:05:14,FALSE,NA,"1440693680105349136",NA,"<a href=""http://twitter.com/download/iphone"" rel=""nofollow"">Twitter for iPhone</a>","stateMDWX",1,TRUE,FALSE,NA,NA
"RT @MarylandWx: LWX issues Small Craft Advisory valid at Sep 23, 12:00 PM EDT for Chesapeake Bay north of Pooles Island MD, Patapsco River…",FALSE,0,NA,2021-09-22 15:04:55,FALSE,NA,"1440693600640135188",NA,"<a href=""http://twitter.com/download/iphone"" rel=""nofollow"">Twitter for iPhone</a>","stateMDWX",1,TRUE,FALSE,NA,NA
"LWX extends time and expands area to include Gale Warning for Chesapeake Bay north of Pooles Island MD, Patapsco Ri… https://t.co/4oR6uBhe4N",FALSE,0,NA,2021-09-22 15:04:39,TRUE,NA,"1440693531505401861",NA,"<a href=""https://mesonet.agron.iastate.edu/projects/iembot/"" rel=""nofollow"">iembot</a>","MidwestWeather3",0,FALSE,FALSE,NA,NA
"LWX extends time and expands area to include Gale Warning for Chesapeake Bay north of Pooles Island MD, Patapsco Ri… https://t.co/dOeT4iTiFZ",FALSE,0,NA,2021-09-22 15:04:39,TRUE,NA,"1440693530930810891",NA,"<a href=""https://mesonet.agron.iastate.edu/projects/iembot/"" rel=""nofollow"">iembot</a>","MarylandWx",1,FALSE,FALSE,NA,NA
"LWX extends time of Small Craft Advisory for Chesapeake Bay north of Pooles Island MD, Patapsco River including Bal… https://t.co/DVLuNNZGIm",FALSE,0,NA,2021-09-22 15:04:35,TRUE,NA,"1440693516473040900",NA,"<a href=""https://mesonet.agron.iastate.edu/projects/iembot/"" rel=""nofollow"">iembot</a>","MidwestWeather3",0,FALSE,FALSE,NA,NA
"LWX extends time of Small Craft Advisory for Chesapeake Bay north of Pooles Island MD, Patapsco River including Bal… https://t.co/1c9rMP0w84",FALSE,0,NA,2021-09-22 15:04:35,TRUE,NA,"1440693516154249231",NA,"<a href=""https://mesonet.agron.iastate.edu/projects/iembot/"" rel=""nofollow"">iembot</a>","MarylandWx",1,FALSE,FALSE,NA,NA
"LWX issues Small Craft Advisory valid at Sep 23, 12:00 PM EDT for Chesapeake Bay north of Pooles Island MD, Patapsc… https://t.co/ytj2xkIBfV",FALSE,0,NA,2021-09-22 15:04:33,TRUE,NA,"1440693508638085127",NA,"<a href=""https://mesonet.agron.iastate.edu/projects/iembot/"" rel=""nofollow"">iembot</a>","MidwestWeather3",0,FALSE,FALSE,NA,NA
"LWX issues Small Craft Advisory valid at Sep 23, 12:00 PM EDT for Chesapeake Bay north of Pooles Island MD, Patapsc… https://t.co/isRDPPv2XZ",FALSE,0,NA,2021-09-22 15:04:33,TRUE,NA,"1440693508545732618",NA,"<a href=""https://mesonet.agron.iastate.edu/projects/iembot/"" rel=""nofollow"">iembot</a>","MarylandWx",1,FALSE,FALSE,NA,NA
"RT @MarylandWx: LWX continues Small Craft Advisory for Chesapeake Bay north of Pooles Island MD, Patapsco River including Baltimore Harbor,…",FALSE,0,NA,2021-09-22 14:45:58,FALSE,NA,"1440688829032120320",NA,"<a href=""http://twitter.com/download/iphone"" rel=""nofollow"">Twitter for iPhone</a>","stateMDWX",1,TRUE,FALSE,NA,NA
"LWX continues Small Craft Advisory for Chesapeake Bay north of Pooles Island MD, Patapsco River including Baltimore… https://t.co/6mgBsvlsls",FALSE,0,NA,2021-09-22 14:35:18,TRUE,NA,"1440686146598539268",NA,"<a href=""https://mesonet.agron.iastate.edu/projects/iembot/"" rel=""nofollow"">iembot</a>","MidwestWeather3",0,FALSE,FALSE,NA,NA
"LWX continues Small Craft Advisory for Chesapeake Bay north of Pooles Island MD, Patapsco River including Baltimore… https://t.co/VIS0WNC9q8",FALSE,0,NA,2021-09-22 14:35:18,TRUE,NA,"1440686146443300872",NA,"<a href=""https://mesonet.agron.iastate.edu/projects/iembot/"" rel=""nofollow"">iembot</a>","MarylandWx",1,FALSE,FALSE,NA,NA
"LWX extends time of Small Craft Advisory valid at Sep 22, 6:00 AM EDT for Chesapeake Bay north of Pooles Island MD,… https://t.co/NuiKg01Iv8",FALSE,0,NA,2021-09-22 08:29:01,TRUE,NA,"1440593968337600520",NA,"<a href=""https://mesonet.agron.iastate.edu/projects/iembot/"" rel=""nofollow"">iembot</a>","MidwestWeather3",0,FALSE,FALSE,NA,NA
"LWX extends time of Small Craft Advisory valid at Sep 22, 6:00 AM EDT for Chesapeake Bay north of Pooles Island MD,… https://t.co/dLvPffbJuN",FALSE,0,NA,2021-09-22 08:29:01,TRUE,NA,"1440593968283074569",NA,"<a href=""https://mesonet.agron.iastate.edu/projects/iembot/"" rel=""nofollow"">iembot</a>","MarylandWx",0,FALSE,FALSE,NA,NA
"LWX continues Small Craft Advisory valid at Sep 22, 6:00 AM EDT for Chesapeake Bay north of Pooles Island MD, Patap… https://t.co/QmO6xCqSIH",FALSE,0,NA,2021-09-21 23:29:19,TRUE,NA,"1440458146246365188",NA,"<a href=""https://mesonet.agron.iastate.edu/projects/iembot/"" rel=""nofollow"">iembot</a>","MidwestWeather3",0,FALSE,FALSE,NA,NA
"LWX continues Small Craft Advisory valid at Sep 22, 6:00 AM EDT for Chesapeake Bay north of Pooles Island MD, Patap… https://t.co/1Qk75p84y7",FALSE,0,NA,2021-09-21 23:26:44,TRUE,NA,"1440457496011808770",NA,"<a href=""https://mesonet.agron.iastate.edu/projects/iembot/"" rel=""nofollow"">iembot</a>","MarylandWx",0,FALSE,FALSE,NA,NA
"RT @NorthSails: The 80th Annual Penguin Int. Regatta was held at Corsica River Yacht Club. The 🐧 is popular in the Chesapeake Bay region &amp;…",FALSE,0,NA,2021-09-21 22:56:47,FALSE,NA,"1440449960156098569",NA,"<a href=""https://mobile.twitter.com"" rel=""nofollow"">Twitter Web App</a>","john1966olsen",5,TRUE,FALSE,NA,NA
"The 80th Annual Penguin Int. Regatta was held at Corsica River Yacht Club. The 🐧 is popular in the Chesapeake Bay r… https://t.co/RBPjaVltWl",FALSE,17,NA,2021-09-21 21:15:31,TRUE,NA,"1440424474742964239",NA,"<a href=""https://mobile.twitter.com"" rel=""nofollow"">Twitter Web App</a>","NorthSails",5,FALSE,FALSE,NA,NA
"@mccarty_ginger We Saw the Same Thing in the 1970's With Carters Gas Shortage and LOADED OIL Tankers in the Delawar… https://t.co/JXyoxFIKoS",FALSE,1,"mccarty_ginger",2021-09-21 21:01:05,TRUE,"1440133654206980096","1440420845470420997","1368296276631117826","<a href=""https://mobile.twitter.com"" rel=""nofollow"">Twitter Web App</a>","IBUYRMP",0,FALSE,FALSE,NA,NA
"LWX extends time of Small Craft Advisory valid at Sep 22, 6:00 AM EDT for Chesapeake Bay north of Pooles Island MD,… https://t.co/aOXxLdQzbW",FALSE,0,NA,2021-09-21 17:31:00,TRUE,NA,"1440367975786168327",NA,"<a href=""https://mesonet.agron.iastate.edu/projects/iembot/"" rel=""nofollow"">iembot</a>","MidwestWeather3",0,FALSE,FALSE,NA,NA
"LWX extends time of Small Craft Advisory valid at Sep 22, 6:00 AM EDT for Chesapeake Bay north of Pooles Island MD,… https://t.co/Tz0Fli2zil",FALSE,0,NA,2021-09-21 17:31:00,TRUE,NA,"1440367975513538563",NA,"<a href=""https://mesonet.agron.iastate.edu/projects/iembot/"" rel=""nofollow"">iembot</a>","MarylandWx",0,FALSE,FALSE,NA,NA
"@andykeegan I forgot to message after my win last week Andy! 🤦🏻‍♀️
#UniversityChallengeKlaxon
1. Swan Lake
2. The D… https://t.co/cl8ioZxjrz",FALSE,2,"andykeegan",2021-09-20 17:42:10,TRUE,"1440000618274373632","1440008395608756236","6308982","<a href=""http://twitter.com/download/android"" rel=""nofollow"">Twitter for Android</a>","MissS_Kimble",0,FALSE,FALSE,NA,NA
"Q: This 212-mile river flows into Chesapeake BayA: the Rappahannock #question #answer",FALSE,0,NA,2021-09-20 08:00:38,FALSE,NA,"1439862047110483969",NA,"<a href=""https://arjenhouweling.nl"" rel=""nofollow"">jeopardykey</a>","ademo68038207",0,FALSE,FALSE,NA,NA
"RT @capgaznews: Flesh eating infections suffered after bay or river water interacts with open cuts or wounds are not as rare as the state a…",FALSE,0,NA,2021-09-20 00:21:25,FALSE,NA,"1439746483767627776",NA,"<a href=""http://twitter.com/download/iphone"" rel=""nofollow"">Twitter for iPhone</a>","crgkoko",6,TRUE,FALSE,NA,NA
"RT @capgaznews: Flesh eating infections suffered after bay or river water interacts with open cuts or wounds are not as rare as the state a…",FALSE,0,NA,2021-09-19 23:04:51,FALSE,NA,"1439727215504199681",NA,"<a href=""http://twitter.com/download/iphone"" rel=""nofollow"">Twitter for iPhone</a>","mediocrefaith",6,TRUE,FALSE,NA,NA
"RT @capgaznews: Flesh eating infections suffered after bay or river water interacts with open cuts or wounds are not as rare as the state a…",FALSE,0,NA,2021-09-19 23:04:40,FALSE,NA,"1439727166929973249",NA,"<a href=""http://twitter.com/download/android"" rel=""nofollow"">Twitter for Android</a>","ScottStras",6,TRUE,FALSE,NA,NA
"Flesh eating infections suffered after bay or river water interacts with open cuts or wounds are not as rare as the… https://t.co/4w27KMNeTu",FALSE,4,NA,2021-09-19 23:03:05,TRUE,NA,"1439726771969069059",NA,"<a href=""http://www.socialflow.com"" rel=""nofollow"">SocialFlow</a>","capgaznews",6,FALSE,FALSE,NA,NA
"RT @KaninPheonix: 41 days out and well let’s celebrate INLAND - Bay SIDE .. among the Chesapeake thares a river,leads to a city! Within sai…",FALSE,0,NA,2021-09-19 16:32:14,FALSE,NA,"1439628407508242433",NA,"<a href=""https://www.richdentwriter.com/"" rel=""nofollow"">Myopia2</a>","richardhdent",1,TRUE,FALSE,NA,NA
"41 days out and well let’s celebrate INLAND - Bay SIDE .. among the Chesapeake thares a river,leads to a city! With… https://t.co/t8uFF252C5",FALSE,4,NA,2021-09-19 16:25:53,TRUE,NA,"1439626810493476872",NA,"<a href=""http://twitter.com/download/iphone"" rel=""nofollow"">Twitter for iPhone</a>","KaninPheonix",1,FALSE,FALSE,NA,NA
"@billpeduto Come again? Does this exclude ☢️ 💩 https://t.co/dbeGDUrv3X",FALSE,1,"billpeduto",2021-09-19 05:13:28,FALSE,"1439413207957913601","1439457593286533123","23541684","<a href=""http://twitter.com/download/iphone"" rel=""nofollow"">Twitter for iPhone</a>","JoshuaPribanic",0,FALSE,FALSE,NA,NA
"RT @CRichardMichael: Fished, boated, swam &amp; photographed in the Bethel Manor Reservoir, York River, Chickahominy River, Chesapeake Bay, Tid…",FALSE,0,NA,2021-09-18 15:58:33,FALSE,NA,"1439257544816484356",NA,"<a href=""https://mobile.twitter.com"" rel=""nofollow"">Twitter Web App</a>","johnRL73",1,TRUE,FALSE,NA,NA
"""The most recent forecast, released in late June 2021, expected Chesapeake Bay mainstem hypoxic volume to be 14% lo… https://t.co/rIoEa48Vft",FALSE,1,NA,2021-09-18 15:45:08,TRUE,NA,"1439254170155032576",NA,"<a href=""http://twitter.com/download/iphone"" rel=""nofollow"">Twitter for iPhone</a>","baypaddle",0,FALSE,FALSE,NA,NA
"Fished, boated, swam &amp; photographed in the Bethel Manor Reservoir, York River, Chickahominy River, Chesapeake Bay,… https://t.co/sWCa2tMRJF",FALSE,2,NA,2021-09-18 15:14:38,TRUE,NA,"1439246492556873736",NA,"<a href=""http://twitter.com/download/android"" rel=""nofollow"">Twitter for Android</a>","CRichardMichael",1,FALSE,FALSE,NA,NA
"Not unprecedented. I have caught two bluegill sunfish on one hook on the Magathy River, a Chesapeake Bay estuary.… https://t.co/4wbI5DiLKb",FALSE,0,NA,2021-09-18 13:53:48,TRUE,NA,"1439226151805849605",NA,"<a href=""https://mobile.twitter.com"" rel=""nofollow"">Twitter Web App</a>","RNicholsonJr",0,FALSE,FALSE,NA,NA
