"text","favorited","favoriteCount","replyToSN","created","truncated","replyToSID","id","replyToUID","statusSource","screenName","retweetCount","isRetweet","retweeted","longitude","latitude"
"RT @SpauldingSez: Looking for something fun to do on this beautiful day in the DMV? THE TRIBUTARY FESTIVAL IS A STUDENT-LED, DAY-LONG BENEF…",FALSE,0,NA,2021-09-26 17:13:30,FALSE,NA,"1442175508590956550",NA,"<a href=""http://twitter.com/download/iphone"" rel=""nofollow"">Twitter for iPhone</a>","JadePinkSameera",1,TRUE,FALSE,NA,NA
"Looking for something fun to do on this beautiful day in the DMV? THE TRIBUTARY FESTIVAL IS A STUDENT-LED, DAY-LONG… https://t.co/SOUKKysy6X",FALSE,3,NA,2021-09-26 16:54:50,TRUE,NA,"1442170811687882753",NA,"<a href=""http://twitter.com/download/iphone"" rel=""nofollow"">Twitter for iPhone</a>","SpauldingSez",1,FALSE,FALSE,NA,NA
"Today is #WorldRiversDay! Explore our work to protect the Susquehanna River, the Chesapeake Bay's largest tributary… https://t.co/YWg2gCbEev",FALSE,0,NA,2021-09-26 15:00:05,TRUE,NA,"1442141934311591937",NA,"<a href=""https://www.spredfast.com"" rel=""nofollow"">Khoros Publishing App</a>","PA_nature",0,FALSE,FALSE,NA,NA
"The Tributary Festival will be held Saturday from 2 to 6:30 p.m. at the Baltimore Museum of Industry, 1415 Key High… https://t.co/nMmTGVTTLq",FALSE,0,NA,2021-09-22 21:13:16,TRUE,NA,"1440786298705305600",NA,"<a href=""http://www.socialflow.com"" rel=""nofollow"">SocialFlow</a>","CatonsvllePatch",0,FALSE,FALSE,NA,NA
"Inspired by his own memories of growing up on the #ChesBay, Towson High School student Reed Spaulding has organized… https://t.co/8P1Wioj14J",FALSE,2,NA,2021-09-22 17:41:01,TRUE,NA,"1440732881706356744",NA,"<a href=""https://sproutsocial.com"" rel=""nofollow"">Sprout Social</a>","chesapeakebay",0,FALSE,FALSE,NA,NA
"RT @BaltCoPS: NEWS: Student-organized music festival this Sunday to benefit the Chesapeake Bay Foundation: Free event to be held on Sept. 2…",FALSE,0,NA,2021-09-22 00:51:56,FALSE,NA,"1440478936949874688",NA,"<a href=""http://twitter.com/download/iphone"" rel=""nofollow"">Twitter for iPhone</a>","sfisherBCPS",3,TRUE,FALSE,NA,NA
"RT @Nottingham_MD: Back for its second year, the Tributary Festival, a music festival organized by a @BaltCoPS student to benefit the @ches…",FALSE,0,NA,2021-09-21 22:05:12,FALSE,NA,"1440436980051943434",NA,"<a href=""https://mobile.twitter.com"" rel=""nofollow"">Twitter Web App</a>","chesapeakebay",2,TRUE,FALSE,NA,NA
"RT @wjz: The Tributary Festival is slated for Sunday afternoon at the Baltimore Museum of Industry. Funds raised from the free event, organ…",FALSE,0,NA,2021-09-21 19:17:24,FALSE,NA,"1440394748770992133",NA,"<a href=""https://www.hootsuite.com"" rel=""nofollow"">Hootsuite Inc.</a>","shellyhettleman",1,TRUE,FALSE,NA,NA
"The Tributary Festival is slated for Sunday afternoon at the Baltimore Museum of Industry. Funds raised from the fr… https://t.co/mdTAyh25pi",FALSE,2,NA,2021-09-21 19:15:14,TRUE,NA,"1440394205080154124",NA,"<a href=""http://www.socialnewsdesk.com"" rel=""nofollow"">SocialNewsDesk</a>","wjz",1,FALSE,FALSE,NA,NA
"RT @BaltCoPS: NEWS: Student-organized music festival this Sunday to benefit the Chesapeake Bay Foundation: Free event to be held on Sept. 2…",FALSE,0,NA,2021-09-21 17:52:10,FALSE,NA,"1440373301377855506",NA,"<a href=""http://twitter.com/download/android"" rel=""nofollow"">Twitter for Android</a>","Sunshine1979",3,TRUE,FALSE,NA,NA
"RT @BaltCoPS: NEWS: Student-organized music festival this Sunday to benefit the Chesapeake Bay Foundation: Free event to be held on Sept. 2…",FALSE,0,NA,2021-09-21 17:35:12,FALSE,NA,"1440369032935342080",NA,"<a href=""http://twitter.com/download/iphone"" rel=""nofollow"">Twitter for iPhone</a>","megpshay",3,TRUE,FALSE,NA,NA
"NEWS: Student-organized music festival this Sunday to benefit the Chesapeake Bay Foundation: Free event to be held… https://t.co/opnD9ld4Of",FALSE,8,NA,2021-09-21 16:00:50,TRUE,NA,"1440345283913654275",NA,"<a href=""https://www.hootsuite.com"" rel=""nofollow"">Hootsuite Inc.</a>","BaltCoPS",3,FALSE,FALSE,NA,NA
"RT @Nottingham_MD: Back for its second year, the Tributary Festival, a music festival organized by a @BaltCoPS student to benefit the @ches…",FALSE,0,NA,2021-09-21 14:52:17,FALSE,NA,"1440328031566909443",NA,"<a href=""http://twitter.com/download/iphone"" rel=""nofollow"">Twitter for iPhone</a>","ChrisMontcalmo",2,TRUE,FALSE,NA,NA
"Back for its second year, the Tributary Festival, a music festival organized by a @BaltCoPS student to benefit the… https://t.co/SOjJlaYI2d",FALSE,2,NA,2021-09-21 14:52:07,TRUE,NA,"1440327990978629644",NA,"<a href=""http://twitter.com/download/iphone"" rel=""nofollow"">Twitter for iPhone</a>","Nottingham_MD",2,FALSE,FALSE,NA,NA
